-- phpMyAdmin SQL Dump
-- version 4.5.1
-- http://www.phpmyadmin.net
--
-- Host: 127.0.0.1
-- Generation Time: Aug 07, 2016 at 06:06 PM
-- Server version: 10.1.13-MariaDB
-- PHP Version: 7.0.8

SET SQL_MODE = "NO_AUTO_VALUE_ON_ZERO";
SET time_zone = "+00:00";


/*!40101 SET @OLD_CHARACTER_SET_CLIENT=@@CHARACTER_SET_CLIENT */;
/*!40101 SET @OLD_CHARACTER_SET_RESULTS=@@CHARACTER_SET_RESULTS */;
/*!40101 SET @OLD_COLLATION_CONNECTION=@@COLLATION_CONNECTION */;
/*!40101 SET NAMES utf8mb4 */;

--
-- Database: `lv_reda`
--

-- --------------------------------------------------------

--
-- Table structure for table `bengali_test`
--

CREATE TABLE `bengali_test` (
  `id_product` int(11) NOT NULL,
  `pname` varchar(255) COLLATE utf8_unicode_ci NOT NULL,
  `cat_id` int(11) NOT NULL,
  `price` varchar(255) COLLATE utf8_unicode_ci NOT NULL,
  `veg` varchar(255) COLLATE utf8_unicode_ci DEFAULT NULL,
  `nveg` varchar(255) COLLATE utf8_unicode_ci DEFAULT NULL,
  `mixed` varchar(255) COLLATE utf8_unicode_ci DEFAULT NULL,
  `created_at` timestamp NOT NULL DEFAULT '0000-00-00 00:00:00',
  `updated_at` timestamp NOT NULL DEFAULT '0000-00-00 00:00:00'
) ENGINE=InnoDB DEFAULT CHARSET=utf8 COLLATE=utf8_unicode_ci;

--
-- Dumping data for table `bengali_test`
--

INSERT INTO `bengali_test` (`id_product`, `pname`, `cat_id`, `price`, `veg`, `nveg`, `mixed`, `created_at`, `updated_at`) VALUES
(803, 'BASMATI RICE', 1, ' 35.00 ', '', '', '', '0000-00-00 00:00:00', '0000-00-00 00:00:00'),
(804, 'PEAS POLAO', 1, ' 75.00 ', '', '', '', '0000-00-00 00:00:00', '0000-00-00 00:00:00'),
(805, 'VEG POLAO', 1, ' 85.00 ', '', '', '', '0000-00-00 00:00:00', '0000-00-00 00:00:00'),
(806, 'PANEER POLAO', 1, ' 95.00 ', '', '', '', '0000-00-00 00:00:00', '0000-00-00 00:00:00'),
(807, 'CHICKEN POLAO', 1, ' 95.00 ', '', '', '', '0000-00-00 00:00:00', '0000-00-00 00:00:00'),
(808, 'MUTTON POLAO', 1, ' 120.00 ', '', '', '', '0000-00-00 00:00:00', '0000-00-00 00:00:00'),
(809, 'PRAWN POLAO', 1, ' 120.00 ', '', '', '', '0000-00-00 00:00:00', '0000-00-00 00:00:00'),
(812, 'MUNG DAAL', 2, ' 30.00 ', '', '', '', '0000-00-00 00:00:00', '0000-00-00 00:00:00'),
(813, 'MUG DAL WOTH FISH HEAD', 2, ' 60.00 ', '', '', '', '0000-00-00 00:00:00', '0000-00-00 00:00:00'),
(814, 'CHHOLAR DAL', 2, ' 50.00 ', '', '', '', '0000-00-00 00:00:00', '0000-00-00 00:00:00'),
(817, 'ALU BHAJA', 3, ' 20.00 ', '', '', '', '0000-00-00 00:00:00', '0000-00-00 00:00:00'),
(818, 'BEGUN BHAJA', 3, ' 18.00 ', '', '', '', '0000-00-00 00:00:00', '0000-00-00 00:00:00'),
(819, 'BEGUNI MASALA', 3, ' 30.00 ', '', '', '', '0000-00-00 00:00:00', '0000-00-00 00:00:00'),
(820, 'POSTO BORA', 3, ' 70.00 ', '', '', '', '0000-00-00 00:00:00', '0000-00-00 00:00:00'),
(821, 'BHINDI KURKURE', 3, ' 70.00 ', '', '', '', '0000-00-00 00:00:00', '0000-00-00 00:00:00'),
(822, 'CAULIFLOWER BORA SEASONAL', 3, ' 35.00 ', '', '', '', '0000-00-00 00:00:00', '0000-00-00 00:00:00'),
(823, 'CHINGRI BORA', 3, ' 85.00 ', '', '', '', '0000-00-00 00:00:00', '0000-00-00 00:00:00'),
(825, 'KAKROL BHAJA', 4, ' 35.00 ', '', '', '', '0000-00-00 00:00:00', '0000-00-00 00:00:00'),
(826, 'MACHHER DIM BHAJA', 4, ' 50.00 ', '', '', '', '0000-00-00 00:00:00', '0000-00-00 00:00:00'),
(827, 'TOPSE FRY', 4, ' 90.00 ', '', '', '', '0000-00-00 00:00:00', '0000-00-00 00:00:00'),
(828, 'VETKI FRY', 4, ' 75.00 ', '', '', '', '0000-00-00 00:00:00', '0000-00-00 00:00:00'),
(829, 'ILISH FRY', 4, '  AS PER MARKET PRICE  ', '', '', '', '0000-00-00 00:00:00', '0000-00-00 00:00:00'),
(830, 'POMFRET FRY', 4, ' 120.00 ', '', '', '', '0000-00-00 00:00:00', '0000-00-00 00:00:00'),
(833, 'SUKTO', 5, ' 60.00 ', '', '', '', '0000-00-00 00:00:00', '0000-00-00 00:00:00'),
(834, 'POSTO BATA', 5, ' 55.00 ', '', '', '', '0000-00-00 00:00:00', '0000-00-00 00:00:00'),
(835, 'ALU POSTO', 5, ' 55.00 ', '', '', '', '0000-00-00 00:00:00', '0000-00-00 00:00:00'),
(836, 'JHIGNGA ALU POSTO', 5, ' 60.00 ', '', '', '', '0000-00-00 00:00:00', '0000-00-00 00:00:00'),
(837, 'DOI POTOL (SEASONAL)', 5, ' 85.00 ', '', '', '', '0000-00-00 00:00:00', '0000-00-00 00:00:00'),
(838, 'ALU POTOL (SEASONAL)', 5, ' 55.00 ', '', '', '', '0000-00-00 00:00:00', '0000-00-00 00:00:00'),
(839, 'FULCOPI DALNA (SEASONAL)', 5, ' 55.00 ', '', '', '', '0000-00-00 00:00:00', '0000-00-00 00:00:00'),
(840, 'DOI FULCOPI (SEASONAL)', 5, ' 55.00 ', '', '', '', '0000-00-00 00:00:00', '0000-00-00 00:00:00'),
(841, 'FULCOPI ROAST (SEASONAL)', 5, ' 60.00 ', '', '', '', '0000-00-00 00:00:00', '0000-00-00 00:00:00'),
(842, 'MALAI FULCOPI (SEASONAL)', 5, ' 60.00 ', '', '', '', '0000-00-00 00:00:00', '0000-00-00 00:00:00'),
(843, 'LAU GHANTO', 5, ' 55.00 ', '', '', '', '0000-00-00 00:00:00', '0000-00-00 00:00:00'),
(844, 'BHINDI MASALA', 5, ' 70.00 ', '', '', '', '0000-00-00 00:00:00', '0000-00-00 00:00:00'),
(845, 'DHOKAR DALNA', 5, ' 95.00 ', '', '', '', '0000-00-00 00:00:00', '0000-00-00 00:00:00'),
(846, 'ALU DAM', 5, ' 55.00 ', '', '', '', '0000-00-00 00:00:00', '0000-00-00 00:00:00'),
(847, 'ALU FULCOPI', 5, ' 55.00 ', '', '', '', '0000-00-00 00:00:00', '0000-00-00 00:00:00'),
(848, 'MIXED VEGETABLE', 5, ' 60.00 ', '', '', '', '0000-00-00 00:00:00', '0000-00-00 00:00:00'),
(849, 'MOTOR PANEER', 5, ' 90.00 ', '', '', '', '0000-00-00 00:00:00', '0000-00-00 00:00:00'),
(850, 'BANDHACOPI WITH FISH HEAD', 5, ' 70.00 ', '', '', '', '0000-00-00 00:00:00', '0000-00-00 00:00:00'),
(851, 'LAU CHINGRI', 5, ' 110.00 ', '', '', '', '0000-00-00 00:00:00', '0000-00-00 00:00:00'),
(853, 'MOCHA GHANTO', 6, ' 90.00 ', '', '', '', '0000-00-00 00:00:00', '0000-00-00 00:00:00'),
(854, 'POTOLER DOLMA', 6, ' 65.00 ', '', '', '', '0000-00-00 00:00:00', '0000-00-00 00:00:00'),
(855, 'CHHANAR KOPTA', 6, ' 130.00 ', '', '', '', '0000-00-00 00:00:00', '0000-00-00 00:00:00'),
(856, 'ECHOR DALNA', 6, ' 110.00 ', '', '', '', '0000-00-00 00:00:00', '0000-00-00 00:00:00'),
(857, 'ECHOR KOPTA', 6, ' 110.00 ', '', '', '', '0000-00-00 00:00:00', '0000-00-00 00:00:00'),
(858, 'KACHKOLAR KOPTA', 6, ' 90.00 ', '', '', '', '0000-00-00 00:00:00', '0000-00-00 00:00:00'),
(859, 'BEGUN BASANTI', 6, ' 50.00 ', '', '', '', '0000-00-00 00:00:00', '0000-00-00 00:00:00'),
(860, 'CHHANAR MALAICURRY', 6, ' 145.00 ', '', '', '', '0000-00-00 00:00:00', '0000-00-00 00:00:00'),
(861, 'ECHOR CHINGRI', 6, ' 120.00 ', '', '', '', '0000-00-00 00:00:00', '0000-00-00 00:00:00'),
(862, 'MOCHAR CHINGRI', 6, ' 120.00 ', '', '', '', '0000-00-00 00:00:00', '0000-00-00 00:00:00'),
(865, 'VETKI PATURI', 7, ' 95.00 ', '', '', '', '0000-00-00 00:00:00', '0000-00-00 00:00:00'),
(866, 'VETKI SHORSHE', 7, ' 130.00 ', '', '', '', '0000-00-00 00:00:00', '0000-00-00 00:00:00'),
(867, 'VETKI GANDHARAJ PATURI', 7, ' 110.00 ', '', '', '', '0000-00-00 00:00:00', '0000-00-00 00:00:00'),
(868, 'RUI KALIA', 7, ' 80.00 ', '', '', '', '0000-00-00 00:00:00', '0000-00-00 00:00:00'),
(869, 'RUI DOI', 7, ' 90.00 ', '', '', '', '0000-00-00 00:00:00', '0000-00-00 00:00:00'),
(870, 'RUI SHORSHE', 7, ' 90.00 ', '', '', '', '0000-00-00 00:00:00', '0000-00-00 00:00:00'),
(872, 'PABDA JHAL', 8, ' 135.00 ', '', '', '', '0000-00-00 00:00:00', '0000-00-00 00:00:00'),
(873, 'PABDA HORO-GOURI', 8, ' 145.00 ', '', '', '', '0000-00-00 00:00:00', '0000-00-00 00:00:00'),
(874, 'CHITAL MUITHA', 8, ' 145.00 ', '', '', '', '0000-00-00 00:00:00', '0000-00-00 00:00:00'),
(875, 'CHITAL PETI', 8, ' 140.00 ', '', '', '', '0000-00-00 00:00:00', '0000-00-00 00:00:00'),
(876, 'TEL KOI', 8, ' 95.00 ', '', '', '', '0000-00-00 00:00:00', '0000-00-00 00:00:00'),
(877, 'PARSHE SORSHE', 8, ' 95.00 ', '', '', '', '0000-00-00 00:00:00', '0000-00-00 00:00:00'),
(878, 'PARSHE JHAL', 8, ' 135.00 ', '', '', '', '0000-00-00 00:00:00', '0000-00-00 00:00:00'),
(879, 'ILISH BHAPA', 8, '  AS PER MARKET PRICE  ', '', '', '', '0000-00-00 00:00:00', '0000-00-00 00:00:00'),
(880, 'ILISH PATURI', 8, '  AS PER MARKET PRICE  ', '', '', '', '0000-00-00 00:00:00', '0000-00-00 00:00:00'),
(883, 'CHINGRI MALAICURRY', 9, ' 130.00 ', '', '', '', '0000-00-00 00:00:00', '0000-00-00 00:00:00'),
(884, 'BHAPA CHINGRI', 9, ' 180.00 ', '', '', '', '0000-00-00 00:00:00', '0000-00-00 00:00:00'),
(885, 'KOCHUPATAY BHAPA CHINGRI', 9, ' 115.00 ', '', '', '', '0000-00-00 00:00:00', '0000-00-00 00:00:00'),
(888, 'DIM DIM DIMER CURRY', 10, ' 120.00 ', '', '', '', '0000-00-00 00:00:00', '0000-00-00 00:00:00'),
(891, 'CHICKEN KOSHA', 11, ' 125.00 ', '', '', '', '0000-00-00 00:00:00', '0000-00-00 00:00:00'),
(892, 'CHICKEN JHOL', 11, ' 125.00 ', '', '', '', '0000-00-00 00:00:00', '0000-00-00 00:00:00'),
(893, 'CHICKEN DAK BANGLO', 11, ' 145.00 ', '', '', '', '0000-00-00 00:00:00', '0000-00-00 00:00:00'),
(894, 'CHICKEN POSTO', 11, ' 155.00 ', '', '', '', '0000-00-00 00:00:00', '0000-00-00 00:00:00'),
(895, 'METHI CHICKEN', 11, ' 140.00 ', '', '', '', '0000-00-00 00:00:00', '0000-00-00 00:00:00'),
(896, 'REDA CHICKEN', 11, ' 155.00 ', '', '', '', '0000-00-00 00:00:00', '0000-00-00 00:00:00'),
(899, 'MUTTON KOSHA', 12, ' 150.00 ', '', '', '', '0000-00-00 00:00:00', '0000-00-00 00:00:00'),
(900, 'MUTTON JHOL', 12, ' 150.00 ', '', '', '', '0000-00-00 00:00:00', '0000-00-00 00:00:00'),
(901, 'MUTTON DAK BANGLO', 12, ' 195.00 ', '', '', '', '0000-00-00 00:00:00', '0000-00-00 00:00:00'),
(902, 'REDA MUTTON', 12, ' 180.00 ', '', '', '', '0000-00-00 00:00:00', '0000-00-00 00:00:00'),
(905, 'MANGO  CHATNEY', 13, ' 30.00 ', '', '', '', '0000-00-00 00:00:00', '0000-00-00 00:00:00'),
(906, 'TOMATO CHATNEY', 13, ' 30.00 ', '', '', '', '0000-00-00 00:00:00', '0000-00-00 00:00:00'),
(907, 'JALPAI CHATNEY', 13, ' 25.00 ', '', '', '', '0000-00-00 00:00:00', '0000-00-00 00:00:00'),
(909, 'FRUIT CHATNEY', 14, ' 45.00 ', '', '', '', '0000-00-00 00:00:00', '0000-00-00 00:00:00'),
(910, 'KHEJUR AMSOTTO CHATNEY', 14, ' 30.00 ', '', '', '', '0000-00-00 00:00:00', '0000-00-00 00:00:00'),
(911, 'CHALTA CHATNEY', 14, ' 25.00 ', '', '', '', '0000-00-00 00:00:00', '0000-00-00 00:00:00'),
(914, 'POROTA', 15, ' 30.00 ', '', '', '', '0000-00-00 00:00:00', '0000-00-00 00:00:00'),
(917, 'GULAB JAMUN', 16, ' 20.00 ', '', '', '', '0000-00-00 00:00:00', '0000-00-00 00:00:00'),
(918, 'TOK DOI', 16, ' 40.00 ', '', '', '', '0000-00-00 00:00:00', '0000-00-00 00:00:00'),
(919, 'FIRNI', 16, ' 50.00 ', '', '', '', '0000-00-00 00:00:00', '0000-00-00 00:00:00'),
(921, 'PAYES', 17, ' 90.00 ', '', '', '', '0000-00-00 00:00:00', '0000-00-00 00:00:00'),
(924, 'VEG THALI', 18, ' 100.00 ', '', '', '', '0000-00-00 00:00:00', '0000-00-00 00:00:00'),
(925, 'EGG THALI', 18, ' 120.00 ', '', '', '', '0000-00-00 00:00:00', '0000-00-00 00:00:00'),
(926, 'FISH / CHICKEN THALI', 18, ' 140.00 ', '', '', '', '0000-00-00 00:00:00', '0000-00-00 00:00:00');

-- --------------------------------------------------------

--
-- Table structure for table `booking`
--

CREATE TABLE `booking` (
  `id` int(11) NOT NULL,
  `date_created` timestamp NOT NULL DEFAULT CURRENT_TIMESTAMP,
  `cname` varchar(255) COLLATE utf8_unicode_ci NOT NULL,
  `Phone` int(11) NOT NULL,
  `Email` varchar(255) COLLATE utf8_unicode_ci NOT NULL,
  `rname` varchar(255) COLLATE utf8_unicode_ci NOT NULL,
  `rprice` int(11) NOT NULL,
  `ramount` int(11) NOT NULL,
  `qty` int(11) NOT NULL,
  `rtype` varchar(255) COLLATE utf8_unicode_ci NOT NULL,
  `pcount` int(11) NOT NULL,
  `Check_In` date NOT NULL,
  `Check_Out` date NOT NULL,
  `c_id` varchar(255) COLLATE utf8_unicode_ci NOT NULL,
  `created_at` timestamp NOT NULL DEFAULT '0000-00-00 00:00:00',
  `updated_at` timestamp NOT NULL DEFAULT '0000-00-00 00:00:00'
) ENGINE=InnoDB DEFAULT CHARSET=utf8 COLLATE=utf8_unicode_ci;

--
-- Dumping data for table `booking`
--

INSERT INTO `booking` (`id`, `date_created`, `cname`, `Phone`, `Email`, `rname`, `rprice`, `ramount`, `qty`, `rtype`, `pcount`, `Check_In`, `Check_Out`, `c_id`, `created_at`, `updated_at`) VALUES
(45, '2015-06-30 12:25:00', 'sayan', 2147483647, 'sayan@simayaa.com', 'Two Double Bed Deluxe with Pool', 5000, 7750, 5, 'Deluxe', 3, '2015-06-30', '2015-07-09', '9f7019e970b5ea925f97a9948dca59ff', '0000-00-00 00:00:00', '0000-00-00 00:00:00'),
(46, '2015-06-30 14:31:00', 'sayan', 2147483647, 'sayan@simayaa.com', 'Two Double Bed Deluxe with Pool', 5000, 7750, 6, 'Deluxe', 3, '2015-06-30', '2015-07-17', '353b401cd858d64fbc83048d43e3cf92', '0000-00-00 00:00:00', '0000-00-00 00:00:00'),
(47, '2015-07-06 13:10:00', 'sayan', 2147483647, 'sayan@simayaa.com', 'Two Double Bed Deluxe with Pool', 5000, 7750, 5, 'Deluxe', 3, '2015-07-07', '2015-07-15', 'd430a4fbcda8b4c1d4968ed0f9cdff1d', '0000-00-00 00:00:00', '0000-00-00 00:00:00'),
(48, '2015-07-06 13:23:00', 'sayan', 2147483647, 'sayan@simayaa.com', 'Two Double Bed Deluxe with Pool', 5000, 7750, 5, 'Deluxe', 3, '2015-07-07', '2015-07-15', 'd430a4fbcda8b4c1d4968ed0f9cdff1d', '0000-00-00 00:00:00', '0000-00-00 00:00:00'),
(49, '2015-07-08 18:40:00', 'ss', 2147483647, 'j@j.com', 'Two Double Bed Deluxe', 2000, 2600, 1, 'Deluxe', 4, '2015-07-20', '2015-07-24', 'cef1af9fe83eead8ede19c70734e5196', '0000-00-00 00:00:00', '0000-00-00 00:00:00'),
(50, '2015-07-09 07:32:00', 'sayan', 2147483647, 'sayan652@gmail.com', 'Two Double Bed Deluxe with AC', 5500, 8525, 2, 'Deluxe', 3, '2015-07-10', '2015-07-25', 'cu2q41qjbsll8v0g386s24vva0', '0000-00-00 00:00:00', '0000-00-00 00:00:00');

-- --------------------------------------------------------

--
-- Table structure for table `category`
--

CREATE TABLE `category` (
  `cat_id` int(11) NOT NULL,
  `c_name` varchar(255) COLLATE utf8_unicode_ci NOT NULL,
  `parent_id` int(11) NOT NULL,
  `created_at` timestamp NOT NULL DEFAULT '0000-00-00 00:00:00',
  `updated_at` timestamp NOT NULL DEFAULT '0000-00-00 00:00:00'
) ENGINE=InnoDB DEFAULT CHARSET=utf8 COLLATE=utf8_unicode_ci;

--
-- Dumping data for table `category`
--

INSERT INTO `category` (`cat_id`, `c_name`, `parent_id`, `created_at`, `updated_at`) VALUES
(22, 'chaat section', 0, '0000-00-00 00:00:00', '0000-00-00 00:00:00'),
(23, 'south indian', 0, '0000-00-00 00:00:00', '0000-00-00 00:00:00'),
(24, 'PASTA MANIA(A CHOICE OF PENNE/FUSILLI/SPAGETTI)', 0, '0000-00-00 00:00:00', '0000-00-00 00:00:00'),
(25, 'SOUP/SHORBA', 0, '0000-00-00 00:00:00', '0000-00-00 00:00:00'),
(26, 'STARTING PEAK', 0, '0000-00-00 00:00:00', '0000-00-00 00:00:00'),
(27, 'MUD VESSEL(12-3 PM / 6.30 PM-10 PM)', 0, '0000-00-00 00:00:00', '0000-00-00 00:00:00'),
(28, 'VEGETARIAN', 27, '0000-00-00 00:00:00', '0000-00-00 00:00:00'),
(29, 'MACHCHI', 27, '0000-00-00 00:00:00', '0000-00-00 00:00:00'),
(30, 'CHICKEN', 27, '0000-00-00 00:00:00', '0000-00-00 00:00:00'),
(31, 'MUTTON', 27, '0000-00-00 00:00:00', '0000-00-00 00:00:00'),
(32, 'GARDEN FAMILY', 0, '0000-00-00 00:00:00', '0000-00-00 00:00:00'),
(33, 'MAIN COURSE', 0, '0000-00-00 00:00:00', '0000-00-00 00:00:00'),
(34, 'VEGETARIAN', 33, '0000-00-00 00:00:00', '0000-00-00 00:00:00'),
(35, 'NON VEGETARIAN', 33, '0000-00-00 00:00:00', '0000-00-00 00:00:00'),
(36, 'POULTRY IN MOTION', 35, '0000-00-00 00:00:00', '0000-00-00 00:00:00'),
(37, 'GOSHT', 35, '0000-00-00 00:00:00', '0000-00-00 00:00:00'),
(38, 'LENTIL SECTION', 0, '0000-00-00 00:00:00', '0000-00-00 00:00:00'),
(39, 'RICE', 0, '0000-00-00 00:00:00', '0000-00-00 00:00:00'),
(40, 'CURD AND RAITA', 0, '0000-00-00 00:00:00', '0000-00-00 00:00:00'),
(41, 'PAPAD', 0, '0000-00-00 00:00:00', '0000-00-00 00:00:00'),
(42, 'BREADS', 0, '0000-00-00 00:00:00', '0000-00-00 00:00:00'),
(43, 'ALLEY OF CHINA', 0, '0000-00-00 00:00:00', '0000-00-00 00:00:00'),
(44, 'SOUP', 43, '0000-00-00 00:00:00', '0000-00-00 00:00:00'),
(45, 'Rice & Noodles', 43, '0000-00-00 00:00:00', '0000-00-00 00:00:00'),
(46, 'Main Course', 43, '0000-00-00 00:00:00', '0000-00-00 00:00:00'),
(47, 'VEGETARIAN', 46, '0000-00-00 00:00:00', '0000-00-00 00:00:00'),
(48, 'NON VEGETARIAN', 46, '0000-00-00 00:00:00', '0000-00-00 00:00:00'),
(49, 'FISH', 48, '0000-00-00 00:00:00', '0000-00-00 00:00:00'),
(50, 'CHICKEN', 48, '0000-00-00 00:00:00', '0000-00-00 00:00:00'),
(51, 'MUTTON', 48, '0000-00-00 00:00:00', '0000-00-00 00:00:00'),
(52, 'DESSERTS', 0, '0000-00-00 00:00:00', '0000-00-00 00:00:00'),
(53, 'CREAM OF TOMATO', 25, '0000-00-00 00:00:00', '0000-00-00 00:00:00'),
(54, 'TANDOORI MURG', 30, '0000-00-00 00:00:00', '0000-00-00 00:00:00'),
(55, 'CREAMY TANDOORI MURG', 30, '0000-00-00 00:00:00', '0000-00-00 00:00:00'),
(56, 'SEA MONSTER', 35, '0000-00-00 00:00:00', '0000-00-00 00:00:00');

-- --------------------------------------------------------

--
-- Table structure for table `category_ben`
--

CREATE TABLE `category_ben` (
  `cat_id` int(11) NOT NULL,
  `c_name` varchar(255) COLLATE utf8_unicode_ci NOT NULL,
  `parent_id` int(11) NOT NULL,
  `created_at` timestamp NOT NULL DEFAULT '0000-00-00 00:00:00',
  `updated_at` timestamp NOT NULL DEFAULT '0000-00-00 00:00:00'
) ENGINE=InnoDB DEFAULT CHARSET=utf8 COLLATE=utf8_unicode_ci;

--
-- Dumping data for table `category_ben`
--

INSERT INTO `category_ben` (`cat_id`, `c_name`, `parent_id`, `created_at`, `updated_at`) VALUES
(1, 'RICE (ভাত)', 0, '0000-00-00 00:00:00', '0000-00-00 00:00:00'),
(2, 'DAL (ডাল) ', 0, '0000-00-00 00:00:00', '0000-00-00 00:00:00'),
(3, 'FRY (ভাজা)', 0, '0000-00-00 00:00:00', '0000-00-00 00:00:00'),
(4, 'ORDER 24 HOURS PRIOR', 3, '0000-00-00 00:00:00', '0000-00-00 00:00:00'),
(5, 'VEG / N.VEG SABJI (নিরামিষ ও আমিষ সব্জি)', 0, '0000-00-00 00:00:00', '0000-00-00 00:00:00'),
(6, 'ORDER 24 HOURS PRIOR', 5, '0000-00-00 00:00:00', '0000-00-00 00:00:00'),
(7, 'FISH (মাছ)', 0, '0000-00-00 00:00:00', '0000-00-00 00:00:00'),
(8, 'ORDER 24 HOURS PRIOR', 7, '0000-00-00 00:00:00', '0000-00-00 00:00:00'),
(9, 'PRAWN (চিংড়ী) ', 0, '0000-00-00 00:00:00', '0000-00-00 00:00:00'),
(10, 'EGG (ডিম)', 0, '0000-00-00 00:00:00', '0000-00-00 00:00:00'),
(11, 'CHICKEN (চিকেন) ', 0, '0000-00-00 00:00:00', '0000-00-00 00:00:00'),
(12, 'MUTTON (মটন)', 0, '0000-00-00 00:00:00', '0000-00-00 00:00:00'),
(13, 'CHATNEY (চাটনি) ', 0, '0000-00-00 00:00:00', '0000-00-00 00:00:00'),
(14, 'ORDER 24 HOURS PRIOR', 13, '0000-00-00 00:00:00', '0000-00-00 00:00:00'),
(15, 'CHATNEY (রুটি) ', 0, '0000-00-00 00:00:00', '0000-00-00 00:00:00'),
(16, 'SWEET (মিষ্টি)', 0, '0000-00-00 00:00:00', '0000-00-00 00:00:00'),
(17, 'ORDER 24 HOURS PRIOR', 16, '0000-00-00 00:00:00', '0000-00-00 00:00:00'),
(18, 'VEG/N.VEG THALI (নিরামিষ ও আমিষ থালি)', 0, '0000-00-00 00:00:00', '0000-00-00 00:00:00');

-- --------------------------------------------------------

--
-- Table structure for table `category_ser`
--

CREATE TABLE `category_ser` (
  `cat_id` int(11) NOT NULL,
  `c_name` varchar(255) COLLATE utf8_unicode_ci NOT NULL,
  `parent_id` int(11) NOT NULL,
  `created_at` timestamp NOT NULL DEFAULT '0000-00-00 00:00:00',
  `updated_at` timestamp NOT NULL DEFAULT '0000-00-00 00:00:00'
) ENGINE=InnoDB DEFAULT CHARSET=utf8 COLLATE=utf8_unicode_ci;

--
-- Dumping data for table `category_ser`
--

INSERT INTO `category_ser` (`cat_id`, `c_name`, `parent_id`, `created_at`, `updated_at`) VALUES
(1, 'STARTING PEAK', 0, '0000-00-00 00:00:00', '0000-00-00 00:00:00'),
(2, 'MUD VESSEL', 0, '0000-00-00 00:00:00', '0000-00-00 00:00:00'),
(3, 'VEGETARIAN', 2, '0000-00-00 00:00:00', '0000-00-00 00:00:00'),
(4, 'MACHCHI', 2, '0000-00-00 00:00:00', '0000-00-00 00:00:00'),
(5, 'CHICKEN ', 2, '0000-00-00 00:00:00', '0000-00-00 00:00:00'),
(6, 'TANDOORI MURG', 5, '0000-00-00 00:00:00', '0000-00-00 00:00:00'),
(7, 'CREAMY TANDOORI MURG', 5, '0000-00-00 00:00:00', '0000-00-00 00:00:00'),
(8, 'MUTTON', 2, '0000-00-00 00:00:00', '0000-00-00 00:00:00'),
(9, 'GARDEN FAMILY', 0, '0000-00-00 00:00:00', '0000-00-00 00:00:00'),
(10, 'MAIN COURSE ', 0, '0000-00-00 00:00:00', '0000-00-00 00:00:00'),
(11, 'VEGETARIAN', 10, '0000-00-00 00:00:00', '0000-00-00 00:00:00'),
(12, 'NON VEGETARIAN ', 10, '0000-00-00 00:00:00', '0000-00-00 00:00:00'),
(13, 'SEA MONSTER', 12, '0000-00-00 00:00:00', '0000-00-00 00:00:00'),
(14, 'POULTRY IN MOTION', 12, '0000-00-00 00:00:00', '0000-00-00 00:00:00'),
(15, 'GOSHT', 12, '0000-00-00 00:00:00', '0000-00-00 00:00:00'),
(16, 'LENTIL SECTION', 0, '0000-00-00 00:00:00', '0000-00-00 00:00:00'),
(17, 'RICE', 0, '0000-00-00 00:00:00', '0000-00-00 00:00:00'),
(18, 'CURD AND RAITA', 0, '0000-00-00 00:00:00', '0000-00-00 00:00:00'),
(19, 'BREADS', 0, '0000-00-00 00:00:00', '0000-00-00 00:00:00'),
(20, 'CONTINENTAL', 0, '0000-00-00 00:00:00', '0000-00-00 00:00:00'),
(21, 'ALLEY OF CHINA', 0, '0000-00-00 00:00:00', '0000-00-00 00:00:00'),
(22, 'SOUP', 21, '0000-00-00 00:00:00', '0000-00-00 00:00:00'),
(23, 'RICE & NOODLES', 21, '0000-00-00 00:00:00', '0000-00-00 00:00:00'),
(24, 'MAIN COURSE', 21, '0000-00-00 00:00:00', '0000-00-00 00:00:00'),
(25, 'VEGETARIAN ', 24, '0000-00-00 00:00:00', '0000-00-00 00:00:00'),
(26, 'NON VEGETARIAN ', 24, '0000-00-00 00:00:00', '0000-00-00 00:00:00'),
(27, 'FISH', 26, '0000-00-00 00:00:00', '0000-00-00 00:00:00'),
(28, 'CHICKEN', 26, '0000-00-00 00:00:00', '0000-00-00 00:00:00'),
(29, 'DESSERTS', 0, '0000-00-00 00:00:00', '0000-00-00 00:00:00');

-- --------------------------------------------------------

--
-- Table structure for table `hindmotor_test`
--

CREATE TABLE `hindmotor_test` (
  `id_product` int(11) NOT NULL,
  `pname` varchar(255) COLLATE utf8_unicode_ci NOT NULL,
  `cat_id` int(11) NOT NULL,
  `price` varchar(255) COLLATE utf8_unicode_ci NOT NULL,
  `veg` varchar(255) COLLATE utf8_unicode_ci NOT NULL,
  `nveg` varchar(255) COLLATE utf8_unicode_ci NOT NULL,
  `mixed` varchar(255) COLLATE utf8_unicode_ci NOT NULL,
  `created_at` timestamp NOT NULL DEFAULT '0000-00-00 00:00:00',
  `updated_at` timestamp NOT NULL DEFAULT '0000-00-00 00:00:00'
) ENGINE=InnoDB DEFAULT CHARSET=utf8 COLLATE=utf8_unicode_ci;

--
-- Dumping data for table `hindmotor_test`
--

INSERT INTO `hindmotor_test` (`id_product`, `pname`, `cat_id`, `price`, `veg`, `nveg`, `mixed`, `created_at`, `updated_at`) VALUES
(1, 'PANI PURI', 22, '35', '', '', '', '0000-00-00 00:00:00', '0000-00-00 00:00:00'),
(2, 'BHEL PURI', 22, '35', '', '', '', '0000-00-00 00:00:00', '0000-00-00 00:00:00'),
(3, 'DAHI PURI', 22, '50', '', '', '', '0000-00-00 00:00:00', '0000-00-00 00:00:00'),
(4, 'SEW PURI', 22, '50', '', '', '', '0000-00-00 00:00:00', '0000-00-00 00:00:00'),
(5, 'PAPRI CHAAT', 22, '65', '', '', '', '0000-00-00 00:00:00', '0000-00-00 00:00:00'),
(6, 'PAVBHAJI', 22, '65', '', '', '', '0000-00-00 00:00:00', '0000-00-00 00:00:00'),
(7, 'EXTRA PAV (2PCS.)', 22, '35', '', '', '', '0000-00-00 00:00:00', '0000-00-00 00:00:00'),
(8, 'KACHOORI CHAAT', 22, '55', '', '', '', '0000-00-00 00:00:00', '0000-00-00 00:00:00'),
(9, 'SAMOSA CHAAT', 22, '45', '', '', '', '0000-00-00 00:00:00', '0000-00-00 00:00:00'),
(10, 'BHEL CHAAT', 22, '45', '', '', '', '0000-00-00 00:00:00', '0000-00-00 00:00:00'),
(11, 'RAJ KACHORI', 22, '75', '', '', '', '0000-00-00 00:00:00', '0000-00-00 00:00:00'),
(12, 'CHANA BATURA', 22, '85', '', '', '', '0000-00-00 00:00:00', '0000-00-00 00:00:00'),
(13, 'DAHI BADA', 22, '55', '', '', '', '0000-00-00 00:00:00', '0000-00-00 00:00:00'),
(14, 'CLUB KACHOORI', 22, '55', '', '', '', '0000-00-00 00:00:00', '0000-00-00 00:00:00'),
(15, 'GHEE DOSA', 23, '65', '', '', '', '0000-00-00 00:00:00', '0000-00-00 00:00:00'),
(16, 'BUTTER PAPER DOSA', 23, '65', '', '', '', '0000-00-00 00:00:00', '0000-00-00 00:00:00'),
(17, 'CHEESE DOSA', 23, '70', '', '', '', '0000-00-00 00:00:00', '0000-00-00 00:00:00'),
(18, 'PLAIN DOSA', 23, '60', '', '', '', '0000-00-00 00:00:00', '0000-00-00 00:00:00'),
(19, 'MASALA DOSA', 23, '75', '', '', '', '0000-00-00 00:00:00', '0000-00-00 00:00:00'),
(20, 'RAWA DOSA', 23, '55', '', '', '', '0000-00-00 00:00:00', '0000-00-00 00:00:00'),
(21, 'IDLY', 23, '55', '', '', '', '0000-00-00 00:00:00', '0000-00-00 00:00:00'),
(22, 'RAWA IDLY', 23, '55', '', '', '', '0000-00-00 00:00:00', '0000-00-00 00:00:00'),
(23, 'PLAIN UTTAPAM', 23, '55', '', '', '', '0000-00-00 00:00:00', '0000-00-00 00:00:00'),
(24, 'ONION UTTAPAM', 23, '60', '', '', '', '0000-00-00 00:00:00', '0000-00-00 00:00:00'),
(25, 'MASALA UTTAPAM', 23, '75', '', '', '', '0000-00-00 00:00:00', '0000-00-00 00:00:00'),
(26, 'MEDU VADA', 23, '55', '', '', '', '0000-00-00 00:00:00', '0000-00-00 00:00:00'),
(27, 'EXTRA BUTTER', 23, '15', '', '', '', '0000-00-00 00:00:00', '0000-00-00 00:00:00'),
(28, 'EXTRA CHEESE', 23, '20', '', '', '', '0000-00-00 00:00:00', '0000-00-00 00:00:00'),
(29, 'STUFFED TANDOORI ALOO', 28, '80', '', '', '', '0000-00-00 00:00:00', '0000-00-00 00:00:00'),
(30, 'HARI MIRCH KI PANEER', 28, '135', '', '', '', '0000-00-00 00:00:00', '0000-00-00 00:00:00'),
(31, 'PANEER MALAI TIKKA', 28, '145', '', '', '', '0000-00-00 00:00:00', '0000-00-00 00:00:00'),
(32, 'PANEER TIKKA', 28, '145', '', '', '', '0000-00-00 00:00:00', '0000-00-00 00:00:00'),
(33, 'VEG SHEEKH KEBAB', 28, '70', '', '', '', '0000-00-00 00:00:00', '0000-00-00 00:00:00'),
(34, 'HARA BHARA KEBAB', 28, '80', '', '', '', '0000-00-00 00:00:00', '0000-00-00 00:00:00'),
(35, 'SHAMI KEBAB (VEG)', 28, '80', '', '', '', '0000-00-00 00:00:00', '0000-00-00 00:00:00'),
(36, 'KABULI SHEEKH KEBAB', 28, '160', '', '', '', '0000-00-00 00:00:00', '0000-00-00 00:00:00'),
(37, 'SARSOWALI FISH', 29, '190', '', '', '', '0000-00-00 00:00:00', '0000-00-00 00:00:00'),
(38, 'AJWANI FISH TIKKA', 29, '190', '', '', '', '0000-00-00 00:00:00', '0000-00-00 00:00:00'),
(39, 'MACHLI TIKKA', 29, '190', '', '', '', '0000-00-00 00:00:00', '0000-00-00 00:00:00'),
(40, 'HARI MIRCH KA JHEENGA', 29, '315', '', '', '', '0000-00-00 00:00:00', '0000-00-00 00:00:00'),
(41, 'TANDOORI JHEENGA', 29, '315', '', '', '', '0000-00-00 00:00:00', '0000-00-00 00:00:00'),
(42, 'PESHWARI FISH TIKKA', 29, '260', '', '', '', '0000-00-00 00:00:00', '0000-00-00 00:00:00'),
(43, 'MURG LASOONI KEBAB', 30, '175', '', '', '', '0000-00-00 00:00:00', '0000-00-00 00:00:00'),
(44, 'MURG TIKKA', 30, '170', '', '', '', '0000-00-00 00:00:00', '0000-00-00 00:00:00'),
(45, 'MURG MALAI KEBAB', 30, '175', '', '', '', '0000-00-00 00:00:00', '0000-00-00 00:00:00'),
(46, 'MURG RESHMI KEBAB', 30, '175', '', '', '', '0000-00-00 00:00:00', '0000-00-00 00:00:00'),
(47, 'MURG SHEEKH KEBAB', 30, '165', '', '', '', '0000-00-00 00:00:00', '0000-00-00 00:00:00'),
(48, 'FULL', 54, '145', '', '', '', '0000-00-00 00:00:00', '0000-00-00 00:00:00'),
(49, 'HALF', 54, '165', '', '', '', '0000-00-00 00:00:00', '0000-00-00 00:00:00'),
(50, 'FULL', 55, '325', '', '', '', '0000-00-00 00:00:00', '0000-00-00 00:00:00'),
(51, 'HALF', 55, '180', '', '', '', '0000-00-00 00:00:00', '0000-00-00 00:00:00'),
(52, 'HARIYALI MURG TIKKA', 30, '195', '', '', '', '0000-00-00 00:00:00', '0000-00-00 00:00:00'),
(53, 'HARIYALI HYDRABADI MURG', 30, '260', '', '', '', '0000-00-00 00:00:00', '0000-00-00 00:00:00'),
(54, 'CHICKEN KALMI KEBAB', 30, '280', '', '', '', '0000-00-00 00:00:00', '0000-00-00 00:00:00'),
(55, 'MUTTON BARRA KEBAB', 31, '215', '', '', '', '0000-00-00 00:00:00', '0000-00-00 00:00:00'),
(56, 'MUTTON SHEEKH KEBAB', 31, '215', '', '', '', '0000-00-00 00:00:00', '0000-00-00 00:00:00'),
(57, 'PALAK PANEER', 34, '140', '', '', '', '0000-00-00 00:00:00', '0000-00-00 00:00:00'),
(58, 'KASMIRI ALOO DUM', 34, '115', '', '', '', '0000-00-00 00:00:00', '0000-00-00 00:00:00'),
(59, 'MALAI KOFTA', 34, '115', '', '', '', '0000-00-00 00:00:00', '0000-00-00 00:00:00'),
(60, 'CHANA MASALA', 34, '90', '', '', '', '0000-00-00 00:00:00', '0000-00-00 00:00:00'),
(61, 'SUBZ JHALFREZI', 34, '115', '', '', '', '0000-00-00 00:00:00', '0000-00-00 00:00:00'),
(62, 'BILAITI SUBZI', 34, '100', '', '', '', '0000-00-00 00:00:00', '0000-00-00 00:00:00'),
(63, 'KEEMA VEG', 34, '100', '', '', '', '0000-00-00 00:00:00', '0000-00-00 00:00:00'),
(64, 'MUSHROOM MASALA', 34, '135', '', '', '', '0000-00-00 00:00:00', '0000-00-00 00:00:00'),
(65, 'KADAI PANEER', 34, '145', '', '', '', '0000-00-00 00:00:00', '0000-00-00 00:00:00'),
(66, 'PANEER MAKHANI', 34, '150', '', '', '', '0000-00-00 00:00:00', '0000-00-00 00:00:00'),
(67, 'PANEER CHATPATA', 34, '140', '', '', '', '0000-00-00 00:00:00', '0000-00-00 00:00:00'),
(68, 'SHAHI PANEER', 34, '140', '', '', '', '0000-00-00 00:00:00', '0000-00-00 00:00:00'),
(69, 'LAHORI VEG', 34, '115', '', '', '', '0000-00-00 00:00:00', '0000-00-00 00:00:00'),
(70, 'BAIGAN BHARTA', 34, '95', '', '', '', '0000-00-00 00:00:00', '0000-00-00 00:00:00'),
(71, 'SUKHI SUBZI TAK A TAK', 34, '100', '', '', '', '0000-00-00 00:00:00', '0000-00-00 00:00:00'),
(72, 'PRAWN BUTTER MASALA', 56, '145', '', '', '', '0000-00-00 00:00:00', '0000-00-00 00:00:00'),
(73, 'PRAWN MALAI CURRY', 56, '155', '', '', '', '0000-00-00 00:00:00', '0000-00-00 00:00:00'),
(74, 'KADAI JHEENGA', 56, '145', '', '', '', '0000-00-00 00:00:00', '0000-00-00 00:00:00'),
(75, 'FISH BUTTER MASALA', 56, '125', '', '', '', '0000-00-00 00:00:00', '0000-00-00 00:00:00'),
(76, 'FISH TIKKA MASALA', 56, '175', '', '', '', '0000-00-00 00:00:00', '0000-00-00 00:00:00'),
(77, 'ROHU KALIA', 56, '100', '', '', '', '0000-00-00 00:00:00', '0000-00-00 00:00:00'),
(78, 'MURG TIKKA MASALA', 36, '165', '', '', '', '0000-00-00 00:00:00', '0000-00-00 00:00:00'),
(79, 'MURG CHATPATA', 36, '155', '', '', '', '0000-00-00 00:00:00', '0000-00-00 00:00:00'),
(80, 'BUTTER MURG', 36, '165', '', '', '', '0000-00-00 00:00:00', '0000-00-00 00:00:00'),
(81, 'MURG PATIALA', 36, '165', '', '', '', '0000-00-00 00:00:00', '0000-00-00 00:00:00'),
(82, 'MURG LABABDAR', 36, '170', '', '', '', '0000-00-00 00:00:00', '0000-00-00 00:00:00'),
(83, 'MURG CURRY', 36, '165', '', '', '', '0000-00-00 00:00:00', '0000-00-00 00:00:00'),
(84, 'MURG BHARTA', 36, '160', '', '', '', '0000-00-00 00:00:00', '0000-00-00 00:00:00'),
(85, 'KADAI MURG', 36, '165', '', '', '', '0000-00-00 00:00:00', '0000-00-00 00:00:00'),
(86, 'KADAI MUTTON', 37, '180', '', '', '', '0000-00-00 00:00:00', '0000-00-00 00:00:00'),
(87, 'RARA MUTTON', 37, '200', '', '', '', '0000-00-00 00:00:00', '0000-00-00 00:00:00'),
(88, 'KEEMA MATAR MASALA', 37, '200', '', '', '', '0000-00-00 00:00:00', '0000-00-00 00:00:00'),
(89, 'MUTTON ROGANJOSH', 37, '180', '', '', '', '0000-00-00 00:00:00', '0000-00-00 00:00:00'),
(90, 'MUTTON LALMAS', 37, '180', '', '', '', '0000-00-00 00:00:00', '0000-00-00 00:00:00'),
(91, 'BHUNA GOSHT', 37, '180', '', '', '', '0000-00-00 00:00:00', '0000-00-00 00:00:00'),
(92, 'PILI DAL', 38, '80', '', '', '', '0000-00-00 00:00:00', '0000-00-00 00:00:00'),
(93, 'DRY FRY', 38, '90', '', '', '', '0000-00-00 00:00:00', '0000-00-00 00:00:00'),
(94, 'DAL MAKHANI', 38, '95', '', '', '', '0000-00-00 00:00:00', '0000-00-00 00:00:00'),
(95, 'DAL TARKA', 38, '80', '', '', '', '0000-00-00 00:00:00', '0000-00-00 00:00:00'),
(96, 'STEAMED RICE', 39, '65', '', '', '', '0000-00-00 00:00:00', '0000-00-00 00:00:00'),
(97, 'JEERA RICE', 39, '75', '', '', '', '0000-00-00 00:00:00', '0000-00-00 00:00:00'),
(98, 'PEAS PULAO', 39, '80', '', '', '', '0000-00-00 00:00:00', '0000-00-00 00:00:00'),
(99, 'VEG PULAO', 39, '90', '', '', '', '0000-00-00 00:00:00', '0000-00-00 00:00:00'),
(100, 'PANEER PULAO', 39, '100', '', '', '', '0000-00-00 00:00:00', '0000-00-00 00:00:00'),
(101, 'BIRIYANI (VEG/CHICKEN/MUTTON)', 39, '115/135/155', '', '', '', '0000-00-00 00:00:00', '0000-00-00 00:00:00'),
(102, 'PLAIN CURD', 40, '40', '', '', '', '0000-00-00 00:00:00', '0000-00-00 00:00:00'),
(103, 'TOMATO CUCUMBER RAITA', 40, '55', '', '', '', '0000-00-00 00:00:00', '0000-00-00 00:00:00'),
(104, 'ONION CHILLI RAITA', 40, '55', '', '', '', '0000-00-00 00:00:00', '0000-00-00 00:00:00'),
(105, 'MIXED RAITA', 40, '60', '', '', '', '0000-00-00 00:00:00', '0000-00-00 00:00:00'),
(106, 'BOONDI RAITA', 40, '60', '', '', '', '0000-00-00 00:00:00', '0000-00-00 00:00:00'),
(107, 'FRIED PAPAD', 41, '35', '', '', '', '0000-00-00 00:00:00', '0000-00-00 00:00:00'),
(108, 'ROASTED PAPAD', 41, '35', '', '', '', '0000-00-00 00:00:00', '0000-00-00 00:00:00'),
(109, 'MASALA PAPAD', 41, '45', '', '', '', '0000-00-00 00:00:00', '0000-00-00 00:00:00'),
(110, 'CHEESE TOPPED ROASTED PAPAD', 41, '55', '', '', '', '0000-00-00 00:00:00', '0000-00-00 00:00:00'),
(111, 'TANDOORI ROTI (PLAIN)', 42, '25', '', '', '', '0000-00-00 00:00:00', '0000-00-00 00:00:00'),
(112, 'TANDOORI ROTI (BUTTER)', 42, '35', '', '', '', '0000-00-00 00:00:00', '0000-00-00 00:00:00'),
(113, 'BABY NUN', 42, '30', '', '', '', '0000-00-00 00:00:00', '0000-00-00 00:00:00'),
(114, 'PLAIN NUN', 42, '40', '', '', '', '0000-00-00 00:00:00', '0000-00-00 00:00:00'),
(115, 'BUTTER NAAN', 42, '45', '', '', '', '0000-00-00 00:00:00', '0000-00-00 00:00:00'),
(116, 'CHEESE NAAN', 42, '55', '', '', '', '0000-00-00 00:00:00', '0000-00-00 00:00:00'),
(117, 'GARLIC NAAN', 42, '50', '', '', '', '0000-00-00 00:00:00', '0000-00-00 00:00:00'),
(118, 'LACHCHAA PARANTHA', 42, '40', '', '', '', '0000-00-00 00:00:00', '0000-00-00 00:00:00'),
(119, 'PLAIN KULCHA', 42, '40', '', '', '', '0000-00-00 00:00:00', '0000-00-00 00:00:00'),
(120, 'MASALA KULCHA', 42, '50', '', '', '', '0000-00-00 00:00:00', '0000-00-00 00:00:00'),
(121, 'CHILLI PANEER', 47, '135', '', '', '', '0000-00-00 00:00:00', '0000-00-00 00:00:00'),
(122, 'VEG MANCHURIAN', 47, '105', '', '', '', '0000-00-00 00:00:00', '0000-00-00 00:00:00'),
(123, 'SEASONAL VEG IN HOT GARLIC', 47, '105', '', '', '', '0000-00-00 00:00:00', '0000-00-00 00:00:00'),
(124, 'SHANGHAI VEGETABLE', 47, '105', '', '', '', '0000-00-00 00:00:00', '0000-00-00 00:00:00'),
(125, 'SCHEZWAN VEGETABLE', 47, '105', '', '', '', '0000-00-00 00:00:00', '0000-00-00 00:00:00'),
(126, 'SWEET & SOUR PANEER', 47, '135', '', '', '', '0000-00-00 00:00:00', '0000-00-00 00:00:00'),
(127, 'PANEER MANCHURIAN', 47, '130', '', '', '', '0000-00-00 00:00:00', '0000-00-00 00:00:00'),
(128, 'REDA''S SIGNATURE VEG', 47, '130', '', '', '', '0000-00-00 00:00:00', '0000-00-00 00:00:00'),
(129, 'SCHEZWAN FISH', 49, '165', '', '', '', '0000-00-00 00:00:00', '0000-00-00 00:00:00'),
(130, 'SCHEZWAN PRAWN', 49, '180', '', '', '', '0000-00-00 00:00:00', '0000-00-00 00:00:00'),
(131, 'FISH IN OYSTER SAUCE', 49, '165', '', '', '', '0000-00-00 00:00:00', '0000-00-00 00:00:00'),
(132, 'SWEET & SOUR FISH', 49, '165', '', '', '', '0000-00-00 00:00:00', '0000-00-00 00:00:00'),
(133, 'GARLIC FISH', 49, '165', '', '', '', '0000-00-00 00:00:00', '0000-00-00 00:00:00'),
(134, 'SWEET & SOUR PRAWN', 49, '180', '', '', '', '0000-00-00 00:00:00', '0000-00-00 00:00:00'),
(135, 'PRAWN BUTTER GARLIC', 49, '180', '', '', '', '0000-00-00 00:00:00', '0000-00-00 00:00:00'),
(136, 'SLICED FISH IN BLACK BEAN SAUCE', 49, '165', '', '', '', '0000-00-00 00:00:00', '0000-00-00 00:00:00'),
(137, 'OYSTER PRAWN', 49, '180', '', '', '', '0000-00-00 00:00:00', '0000-00-00 00:00:00'),
(138, 'SWEET & SOUR CHICKEN', 50, '170', '', '', '', '0000-00-00 00:00:00', '0000-00-00 00:00:00'),
(139, 'SHANGHAI CHICKEN', 50, '185', '', '', '', '0000-00-00 00:00:00', '0000-00-00 00:00:00'),
(140, 'CHICKEN IN HOT GARLIC', 50, '170', '', '', '', '0000-00-00 00:00:00', '0000-00-00 00:00:00'),
(141, 'CHICKEN MANCHURIAN', 50, '160', '', '', '', '0000-00-00 00:00:00', '0000-00-00 00:00:00'),
(142, 'HONGKONG CHICKEN', 50, '170', '', '', '', '0000-00-00 00:00:00', '0000-00-00 00:00:00'),
(143, 'HUNAN CHICKEN', 50, '170', '', '', '', '0000-00-00 00:00:00', '0000-00-00 00:00:00'),
(144, 'KUNG PAO CHICKEN', 50, '185', '', '', '', '0000-00-00 00:00:00', '0000-00-00 00:00:00'),
(145, 'SHREDDED LAMB IN CHOICE OF', 51, '0', '', '', '', '0000-00-00 00:00:00', '0000-00-00 00:00:00'),
(146, 'SAUCES : BLACK BEAN / HOT GARLIC / OYSTER / CHILLI HONEY', 51, '215', '', '', '', '0000-00-00 00:00:00', '0000-00-00 00:00:00'),
(147, 'FLAVOR OF ICE CREAMS', 52, '0', '', '', '', '0000-00-00 00:00:00', '0000-00-00 00:00:00'),
(148, 'KESHARI FIRNI', 52, '50', '', '', '', '0000-00-00 00:00:00', '0000-00-00 00:00:00'),
(149, 'PASTA ARABIATTA', 24, '0', ' 95.00 ', '', '', '0000-00-00 00:00:00', '0000-00-00 00:00:00'),
(150, 'PASTA IN CHEESE SAUCE', 24, '0', ' 110.00 ', ' 115.00 ', '', '0000-00-00 00:00:00', '0000-00-00 00:00:00'),
(151, 'PASTA IN TOMATO BASIL', 24, '0', ' 105.00 ', '', '', '0000-00-00 00:00:00', '0000-00-00 00:00:00'),
(152, 'SAUTEED PASTA PEPPER SALT', 24, '0', ' 105.00 ', ' 115.00 ', '', '0000-00-00 00:00:00', '0000-00-00 00:00:00'),
(153, 'VEG AUGRATIN', 24, '0', ' 105.00 ', ' 125.00 ', '', '0000-00-00 00:00:00', '0000-00-00 00:00:00'),
(154, 'TOMATO', 53, '0', ' 60.00 ', '', '', '0000-00-00 00:00:00', '0000-00-00 00:00:00'),
(155, 'OVEN ROASTED TOMATO BASIL', 25, '0', ' 75.00 ', '', '', '0000-00-00 00:00:00', '0000-00-00 00:00:00'),
(156, 'DAL SHORBA', 25, '0', ' 50.00 ', '', '', '0000-00-00 00:00:00', '0000-00-00 00:00:00'),
(157, 'TOMATO DHANIYA SHORBA', 25, '0', ' 60.00 ', '', '', '0000-00-00 00:00:00', '0000-00-00 00:00:00'),
(158, 'MURG SHORBA', 25, '0', '', ' 60.00 ', '', '0000-00-00 00:00:00', '0000-00-00 00:00:00'),
(159, 'MUTTON PALAK SHORBA', 25, '0', '', ' 75.00 ', '', '0000-00-00 00:00:00', '0000-00-00 00:00:00'),
(160, 'CRISPY FRIED BABY CORN', 26, '0', ' 110.00 ', '', '', '0000-00-00 00:00:00', '0000-00-00 00:00:00'),
(161, 'CRISPY CHILLI BABY CORN', 26, '0', ' 110.00 ', '', '', '0000-00-00 00:00:00', '0000-00-00 00:00:00'),
(162, 'AMERICAN CORN-PEPPER SALT', 26, '0', ' 95.00 ', '', '', '0000-00-00 00:00:00', '0000-00-00 00:00:00'),
(163, 'MUSHROOM PEPPER SALT', 26, '0', ' 90.00 ', '', '', '0000-00-00 00:00:00', '0000-00-00 00:00:00'),
(164, 'STICKY FRIED VEGETABLES', 26, '0', ' 85.00 ', '', '', '0000-00-00 00:00:00', '0000-00-00 00:00:00'),
(165, 'SCHEZWAN POTATO', 26, '0', ' 90.00 ', '', '', '0000-00-00 00:00:00', '0000-00-00 00:00:00'),
(166, 'CHEESE BALLS IN HOT-GARLIC SAUCE', 26, '0', ' 110.00 ', '', '', '0000-00-00 00:00:00', '0000-00-00 00:00:00'),
(167, 'VEG DUMPLINGS', 26, '0', ' 80.00 ', '', '', '0000-00-00 00:00:00', '0000-00-00 00:00:00'),
(168, 'PANEER DUMPLINGS', 26, '0', ' 100.00 ', '', '', '0000-00-00 00:00:00', '0000-00-00 00:00:00'),
(169, 'PANFRIED DUMPLINGS', 26, '0', ' 85.00 ', '', '', '0000-00-00 00:00:00', '0000-00-00 00:00:00'),
(170, 'KOREAN VEG', 26, '0', ' 145.00 ', '', '', '0000-00-00 00:00:00', '0000-00-00 00:00:00'),
(171, 'CHICKEN DUMPLINGS', 26, '0', '', ' 85.00 ', '', '0000-00-00 00:00:00', '0000-00-00 00:00:00'),
(172, 'CRISPY FRIED FISH', 26, '0', '', ' 135.00 ', '', '0000-00-00 00:00:00', '0000-00-00 00:00:00'),
(173, 'CRUMBY PEPPERY FISH', 26, '0', '', ' 145.00 ', '', '0000-00-00 00:00:00', '0000-00-00 00:00:00'),
(174, 'CHILLY PEPPER PRAWN', 26, '0', '', ' 165.00 ', '', '0000-00-00 00:00:00', '0000-00-00 00:00:00'),
(175, 'GOLDEN FRIED PRAWN', 26, '0', '', ' 165.00 ', '', '0000-00-00 00:00:00', '0000-00-00 00:00:00'),
(176, 'CHICKEN DRUMSTICK', 26, '0', '', ' 120.00 ', '', '0000-00-00 00:00:00', '0000-00-00 00:00:00'),
(177, 'DRUM OF HEAVEN', 26, '0', '', ' 165.00 ', '', '0000-00-00 00:00:00', '0000-00-00 00:00:00'),
(178, 'CAPS ON CHICKEN', 26, '0', '', ' 110.00 ', '', '0000-00-00 00:00:00', '0000-00-00 00:00:00'),
(179, 'CONZY CRISPY CHICKEN', 26, '0', '', ' 115.00 ', '', '0000-00-00 00:00:00', '0000-00-00 00:00:00'),
(180, 'LAT ME KAI', 26, '0', '', ' 150.00 ', '', '0000-00-00 00:00:00', '0000-00-00 00:00:00'),
(181, 'CONZY CRISPY LAMB', 26, '0', '', ' 150.00 ', '', '0000-00-00 00:00:00', '0000-00-00 00:00:00'),
(182, 'BLACK BEAN LAMB (DRY)', 26, '0', '', ' 155.00 ', '', '0000-00-00 00:00:00', '0000-00-00 00:00:00'),
(183, 'KOREAN CHICKEN', 26, '0', '', ' 165.00 ', '', '0000-00-00 00:00:00', '0000-00-00 00:00:00'),
(184, 'GREEN SALAD', 32, '0', ' 65.00 ', '', '', '0000-00-00 00:00:00', '0000-00-00 00:00:00'),
(185, 'RUSSIAN SALAD', 32, '0', ' 70.00 ', ' 75.00 ', '', '0000-00-00 00:00:00', '0000-00-00 00:00:00'),
(186, 'TOSSED SALAD', 32, '0', ' 60.00 ', ' 65.00 ', '', '0000-00-00 00:00:00', '0000-00-00 00:00:00'),
(187, 'KIMCHI SALAD', 32, '0', ' 60.00 ', '', '', '0000-00-00 00:00:00', '0000-00-00 00:00:00'),
(188, 'CLEAR SOUP', 44, '0', ' 60.00 ', ' 70.00 ', '', '0000-00-00 00:00:00', '0000-00-00 00:00:00'),
(189, 'LEMON CORRIANDER SOUP', 44, '0', ' 60.00 ', ' 70.00 ', '', '0000-00-00 00:00:00', '0000-00-00 00:00:00'),
(190, 'TOM YUM SOUP', 44, '0', ' 60.00 ', ' 70.00 ', '', '0000-00-00 00:00:00', '0000-00-00 00:00:00'),
(191, 'SWEET CORN SOUP', 44, '0', ' 60.00 ', ' 70.00 ', '', '0000-00-00 00:00:00', '0000-00-00 00:00:00'),
(192, 'HOT & SOUR SOUP', 44, '0', ' 60.00 ', ' 70.00 ', '', '0000-00-00 00:00:00', '0000-00-00 00:00:00'),
(193, 'MANCHOW SOUP', 44, '0', ' 60.00 ', ' 70.00 ', '', '0000-00-00 00:00:00', '0000-00-00 00:00:00'),
(194, 'HAKKA NOODLES', 45, '0', ' 90.00 ', ' 105.00 ', ' 115.00 ', '0000-00-00 00:00:00', '0000-00-00 00:00:00'),
(195, 'SHANGHAI NOODLES', 45, '0', ' 90.00 ', ' 105.00 ', ' 115.00 ', '0000-00-00 00:00:00', '0000-00-00 00:00:00'),
(196, 'SCHEZWAN NOODLES', 45, '0', ' 90.00 ', ' 105.00 ', ' 115.00 ', '0000-00-00 00:00:00', '0000-00-00 00:00:00'),
(197, 'CHILLI GARLIC NOODLES', 45, '0', ' 90.00 ', ' 115.00 ', ' 115.00 ', '0000-00-00 00:00:00', '0000-00-00 00:00:00'),
(198, 'FRIED RICE', 45, '0', ' 95.00 ', ' 120.00 ', ' 130.00 ', '0000-00-00 00:00:00', '0000-00-00 00:00:00'),
(199, 'CHILLI GARLIC RICE', 45, '0', ' 95.00 ', ' 125.00 ', ' 130.00 ', '0000-00-00 00:00:00', '0000-00-00 00:00:00'),
(200, 'SHANGHAI RICE', 45, '0', ' 95.00 ', ' 115.00 ', ' 120.00 ', '0000-00-00 00:00:00', '0000-00-00 00:00:00'),
(201, 'SCHEZWAN RICE', 45, '0', ' 95.00 ', ' 125.00 ', ' 130.00 ', '0000-00-00 00:00:00', '0000-00-00 00:00:00'),
(202, 'REDA''S SIGNATURE MALACCA FRIED RICE', 45, '0', ' 120.00 ', ' 140.00 ', ' 150.00 ', '0000-00-00 00:00:00', '0000-00-00 00:00:00');

-- --------------------------------------------------------

--
-- Table structure for table `menus`
--

CREATE TABLE `menus` (
  `id` int(10) UNSIGNED NOT NULL,
  `position` int(11) DEFAULT NULL,
  `menu_type` int(11) NOT NULL DEFAULT '1',
  `icon` varchar(255) COLLATE utf8_unicode_ci DEFAULT NULL,
  `name` varchar(255) COLLATE utf8_unicode_ci NOT NULL,
  `title` varchar(255) COLLATE utf8_unicode_ci NOT NULL,
  `parent_id` int(11) DEFAULT NULL,
  `created_at` timestamp NULL DEFAULT NULL,
  `updated_at` timestamp NULL DEFAULT NULL
) ENGINE=InnoDB DEFAULT CHARSET=utf8 COLLATE=utf8_unicode_ci;

--
-- Dumping data for table `menus`
--

INSERT INTO `menus` (`id`, `position`, `menu_type`, `icon`, `name`, `title`, `parent_id`, `created_at`, `updated_at`) VALUES
(1, NULL, 0, NULL, 'User', 'User', NULL, NULL, NULL),
(2, NULL, 0, NULL, 'Role', 'Role', NULL, NULL, NULL);

-- --------------------------------------------------------

--
-- Table structure for table `menu_role`
--

CREATE TABLE `menu_role` (
  `menu_id` int(10) UNSIGNED NOT NULL,
  `role_id` int(10) UNSIGNED NOT NULL
) ENGINE=InnoDB DEFAULT CHARSET=utf8 COLLATE=utf8_unicode_ci;

-- --------------------------------------------------------

--
-- Table structure for table `migrations`
--

CREATE TABLE `migrations` (
  `migration` varchar(255) COLLATE utf8_unicode_ci NOT NULL,
  `batch` int(11) NOT NULL
) ENGINE=InnoDB DEFAULT CHARSET=utf8 COLLATE=utf8_unicode_ci;

--
-- Dumping data for table `migrations`
--

INSERT INTO `migrations` (`migration`, `batch`) VALUES
('2016_08_07_080503_create_bengali_test_table', 1),
('2016_08_07_080503_create_booking_table', 1),
('2016_08_07_080503_create_category_ben_table', 1),
('2016_08_07_080503_create_category_ser_table', 1),
('2016_08_07_080503_create_category_table', 1),
('2016_08_07_080503_create_hindmotor_test_table', 1),
('2016_08_07_080503_create_order_detail_table', 1),
('2016_08_07_080503_create_orders_table', 1),
('2016_08_07_080503_create_pages_table', 1),
('2016_08_07_080503_create_rooms_table', 1),
('2016_08_07_080503_create_serampore_test_table', 1),
('2016_08_07_080503_create_users_table', 1),
('2014_10_12_000000_create_users_table', 2),
('2014_10_12_100000_create_password_resets_table', 2),
('2015_10_10_000000_create_menus_table', 2),
('2015_10_10_000000_create_roles_table', 2),
('2015_10_10_000000_update_users_table', 2),
('2015_12_11_000000_create_users_logs_table', 2),
('2016_03_14_000000_update_menus_table', 2);

-- --------------------------------------------------------

--
-- Table structure for table `orders`
--

CREATE TABLE `orders` (
  `id` int(11) NOT NULL,
  `date` datetime NOT NULL,
  `cust_id` varchar(255) COLLATE utf8_unicode_ci NOT NULL,
  `created_at` timestamp NOT NULL DEFAULT '0000-00-00 00:00:00',
  `updated_at` timestamp NOT NULL DEFAULT '0000-00-00 00:00:00'
) ENGINE=InnoDB DEFAULT CHARSET=utf8 COLLATE=utf8_unicode_ci;

--
-- Dumping data for table `orders`
--

INSERT INTO `orders` (`id`, `date`, `cust_id`, `created_at`, `updated_at`) VALUES
(79, '2015-06-26 12:23:00', '99d21ff482ba35cb33f4af237dd55a76', '0000-00-00 00:00:00', '0000-00-00 00:00:00'),
(80, '2015-06-26 12:24:00', '99d21ff482ba35cb33f4af237dd55a76', '0000-00-00 00:00:00', '0000-00-00 00:00:00'),
(81, '2015-06-26 12:41:00', '99d21ff482ba35cb33f4af237dd55a76', '0000-00-00 00:00:00', '0000-00-00 00:00:00'),
(82, '2015-06-26 12:42:00', '99d21ff482ba35cb33f4af237dd55a76', '0000-00-00 00:00:00', '0000-00-00 00:00:00'),
(83, '2015-06-26 12:42:00', '99d21ff482ba35cb33f4af237dd55a76', '0000-00-00 00:00:00', '0000-00-00 00:00:00'),
(84, '2015-06-26 13:30:00', '99d21ff482ba35cb33f4af237dd55a76', '0000-00-00 00:00:00', '0000-00-00 00:00:00'),
(85, '2015-06-26 14:03:00', '99d21ff482ba35cb33f4af237dd55a76', '0000-00-00 00:00:00', '0000-00-00 00:00:00'),
(86, '2015-06-27 00:49:00', '99d21ff482ba35cb33f4af237dd55a76', '0000-00-00 00:00:00', '0000-00-00 00:00:00'),
(87, '2015-06-27 00:49:00', '99d21ff482ba35cb33f4af237dd55a76', '0000-00-00 00:00:00', '0000-00-00 00:00:00'),
(88, '2015-06-27 00:50:00', '99d21ff482ba35cb33f4af237dd55a76', '0000-00-00 00:00:00', '0000-00-00 00:00:00'),
(89, '2015-06-27 00:56:00', '99d21ff482ba35cb33f4af237dd55a76', '0000-00-00 00:00:00', '0000-00-00 00:00:00'),
(90, '2015-06-27 01:02:00', '99d21ff482ba35cb33f4af237dd55a76', '0000-00-00 00:00:00', '0000-00-00 00:00:00'),
(91, '2015-06-27 01:19:00', '99d21ff482ba35cb33f4af237dd55a76', '0000-00-00 00:00:00', '0000-00-00 00:00:00'),
(92, '2015-06-27 01:28:00', '99d21ff482ba35cb33f4af237dd55a76', '0000-00-00 00:00:00', '0000-00-00 00:00:00'),
(93, '2015-06-27 01:32:00', '99d21ff482ba35cb33f4af237dd55a76', '0000-00-00 00:00:00', '0000-00-00 00:00:00'),
(94, '2015-06-27 01:38:00', '99d21ff482ba35cb33f4af237dd55a76', '0000-00-00 00:00:00', '0000-00-00 00:00:00'),
(95, '2015-06-27 01:46:00', '99d21ff482ba35cb33f4af237dd55a76', '0000-00-00 00:00:00', '0000-00-00 00:00:00'),
(96, '2015-06-27 02:00:00', '99d21ff482ba35cb33f4af237dd55a76', '0000-00-00 00:00:00', '0000-00-00 00:00:00'),
(97, '2015-06-27 02:01:00', '99d21ff482ba35cb33f4af237dd55a76', '0000-00-00 00:00:00', '0000-00-00 00:00:00'),
(98, '2015-06-27 02:03:00', '99d21ff482ba35cb33f4af237dd55a76', '0000-00-00 00:00:00', '0000-00-00 00:00:00'),
(99, '2015-06-27 02:16:00', '99d21ff482ba35cb33f4af237dd55a76', '0000-00-00 00:00:00', '0000-00-00 00:00:00'),
(100, '2015-06-27 02:17:00', '99d21ff482ba35cb33f4af237dd55a76', '0000-00-00 00:00:00', '0000-00-00 00:00:00'),
(101, '2015-06-27 02:18:00', '99d21ff482ba35cb33f4af237dd55a76', '0000-00-00 00:00:00', '0000-00-00 00:00:00'),
(102, '2015-06-27 02:25:00', '99d21ff482ba35cb33f4af237dd55a76', '0000-00-00 00:00:00', '0000-00-00 00:00:00'),
(103, '2015-06-27 02:25:00', '99d21ff482ba35cb33f4af237dd55a76', '0000-00-00 00:00:00', '0000-00-00 00:00:00'),
(104, '2015-06-27 02:25:00', '99d21ff482ba35cb33f4af237dd55a76', '0000-00-00 00:00:00', '0000-00-00 00:00:00'),
(105, '2015-06-27 02:26:00', '99d21ff482ba35cb33f4af237dd55a76', '0000-00-00 00:00:00', '0000-00-00 00:00:00'),
(106, '2015-06-27 02:26:00', '99d21ff482ba35cb33f4af237dd55a76', '0000-00-00 00:00:00', '0000-00-00 00:00:00'),
(107, '2015-06-27 02:27:00', '99d21ff482ba35cb33f4af237dd55a76', '0000-00-00 00:00:00', '0000-00-00 00:00:00'),
(108, '2015-06-27 02:28:00', '99d21ff482ba35cb33f4af237dd55a76', '0000-00-00 00:00:00', '0000-00-00 00:00:00'),
(109, '2015-06-27 02:29:00', '99d21ff482ba35cb33f4af237dd55a76', '0000-00-00 00:00:00', '0000-00-00 00:00:00'),
(110, '2015-06-27 02:30:00', '99d21ff482ba35cb33f4af237dd55a76', '0000-00-00 00:00:00', '0000-00-00 00:00:00'),
(111, '2015-06-27 02:31:00', '99d21ff482ba35cb33f4af237dd55a76', '0000-00-00 00:00:00', '0000-00-00 00:00:00'),
(112, '2015-06-27 02:32:00', '99d21ff482ba35cb33f4af237dd55a76', '0000-00-00 00:00:00', '0000-00-00 00:00:00'),
(114, '2015-06-27 05:08:00', '99d21ff482ba35cb33f4af237dd55a76', '0000-00-00 00:00:00', '0000-00-00 00:00:00'),
(115, '2015-06-27 05:50:00', '99d21ff482ba35cb33f4af237dd55a76', '0000-00-00 00:00:00', '0000-00-00 00:00:00'),
(116, '2015-07-06 18:26:00', 'd430a4fbcda8b4c1d4968ed0f9cdff1d', '0000-00-00 00:00:00', '0000-00-00 00:00:00'),
(117, '2015-07-07 00:02:00', '99d21ff482ba35cb33f4af237dd55a76', '0000-00-00 00:00:00', '0000-00-00 00:00:00'),
(125, '2015-07-07 01:03:00', '5d1d4fc06c67afddd3e983bf7a23a00a', '0000-00-00 00:00:00', '0000-00-00 00:00:00'),
(127, '2015-07-07 10:49:00', '5fa849d9611c6970c52eaa414db61d29', '0000-00-00 00:00:00', '0000-00-00 00:00:00'),
(128, '2015-07-07 10:51:00', '5fa849d9611c6970c52eaa414db61d29', '0000-00-00 00:00:00', '0000-00-00 00:00:00'),
(133, '2015-07-07 12:43:00', '34b2eb49f9d3e544e746adee757d8a5c', '0000-00-00 00:00:00', '0000-00-00 00:00:00'),
(134, '2015-07-07 12:43:00', '34b2eb49f9d3e544e746adee757d8a5c', '0000-00-00 00:00:00', '0000-00-00 00:00:00'),
(135, '2015-07-07 13:28:00', '34b2eb49f9d3e544e746adee757d8a5c', '0000-00-00 00:00:00', '0000-00-00 00:00:00'),
(136, '2015-07-07 13:30:00', '34b2eb49f9d3e544e746adee757d8a5c', '0000-00-00 00:00:00', '0000-00-00 00:00:00'),
(137, '2015-07-07 15:03:00', '34b2eb49f9d3e544e746adee757d8a5c', '0000-00-00 00:00:00', '0000-00-00 00:00:00'),
(138, '2015-07-07 15:04:00', '34b2eb49f9d3e544e746adee757d8a5c', '0000-00-00 00:00:00', '0000-00-00 00:00:00'),
(139, '2015-07-07 15:18:00', '34b2eb49f9d3e544e746adee757d8a5c', '0000-00-00 00:00:00', '0000-00-00 00:00:00'),
(140, '2015-07-07 15:20:00', 'a07017f1bd5e6ec09d27679020feb883', '0000-00-00 00:00:00', '0000-00-00 00:00:00'),
(141, '2015-07-07 15:21:00', 'a07017f1bd5e6ec09d27679020feb883', '0000-00-00 00:00:00', '0000-00-00 00:00:00'),
(142, '2015-07-07 15:22:00', 'a07017f1bd5e6ec09d27679020feb883', '0000-00-00 00:00:00', '0000-00-00 00:00:00'),
(143, '2015-07-07 15:23:00', 'a07017f1bd5e6ec09d27679020feb883', '0000-00-00 00:00:00', '0000-00-00 00:00:00'),
(144, '2015-07-07 15:23:00', 'a07017f1bd5e6ec09d27679020feb883', '0000-00-00 00:00:00', '0000-00-00 00:00:00'),
(145, '2015-07-07 15:24:00', 'a07017f1bd5e6ec09d27679020feb883', '0000-00-00 00:00:00', '0000-00-00 00:00:00'),
(146, '2015-07-07 15:24:00', 'a07017f1bd5e6ec09d27679020feb883', '0000-00-00 00:00:00', '0000-00-00 00:00:00'),
(147, '2015-07-07 15:36:00', '34b2eb49f9d3e544e746adee757d8a5c', '0000-00-00 00:00:00', '0000-00-00 00:00:00'),
(148, '2015-07-07 15:43:00', '34b2eb49f9d3e544e746adee757d8a5c', '0000-00-00 00:00:00', '0000-00-00 00:00:00'),
(149, '2015-07-07 15:53:00', '34b2eb49f9d3e544e746adee757d8a5c', '0000-00-00 00:00:00', '0000-00-00 00:00:00'),
(150, '2015-07-07 17:42:00', 'b3565762792dc589b4cdefa12ddedcda', '0000-00-00 00:00:00', '0000-00-00 00:00:00'),
(151, '2015-07-07 18:03:00', '34b2eb49f9d3e544e746adee757d8a5c', '0000-00-00 00:00:00', '0000-00-00 00:00:00'),
(152, '2015-07-07 18:04:00', 'b3565762792dc589b4cdefa12ddedcda', '0000-00-00 00:00:00', '0000-00-00 00:00:00'),
(153, '2015-07-07 18:04:00', '34b2eb49f9d3e544e746adee757d8a5c', '0000-00-00 00:00:00', '0000-00-00 00:00:00'),
(154, '2015-07-07 18:07:00', '34b2eb49f9d3e544e746adee757d8a5c', '0000-00-00 00:00:00', '0000-00-00 00:00:00'),
(155, '2015-07-08 12:25:00', '34b2eb49f9d3e544e746adee757d8a5c', '0000-00-00 00:00:00', '0000-00-00 00:00:00'),
(156, '2015-07-08 13:34:00', 'cef1af9fe83eead8ede19c70734e5196', '0000-00-00 00:00:00', '0000-00-00 00:00:00'),
(157, '2015-07-08 15:20:00', '34b2eb49f9d3e544e746adee757d8a5c', '0000-00-00 00:00:00', '0000-00-00 00:00:00'),
(158, '2015-07-08 15:20:00', '34b2eb49f9d3e544e746adee757d8a5c', '0000-00-00 00:00:00', '0000-00-00 00:00:00'),
(159, '2015-07-08 16:21:00', 'f6cf23abfe2eb6fca153bd08ddc5a3e0', '0000-00-00 00:00:00', '0000-00-00 00:00:00'),
(160, '2015-07-08 17:54:00', '34b2eb49f9d3e544e746adee757d8a5c', '0000-00-00 00:00:00', '0000-00-00 00:00:00'),
(161, '2015-07-08 17:56:00', '34b2eb49f9d3e544e746adee757d8a5c', '0000-00-00 00:00:00', '0000-00-00 00:00:00'),
(162, '2015-07-08 17:56:00', '34b2eb49f9d3e544e746adee757d8a5c', '0000-00-00 00:00:00', '0000-00-00 00:00:00'),
(163, '2015-07-08 18:00:00', '9fd86511a461ec274f4cd5266134080e', '0000-00-00 00:00:00', '0000-00-00 00:00:00'),
(164, '2015-07-08 18:02:00', '9fd86511a461ec274f4cd5266134080e', '0000-00-00 00:00:00', '0000-00-00 00:00:00'),
(165, '2015-07-08 18:04:00', '9fd86511a461ec274f4cd5266134080e', '0000-00-00 00:00:00', '0000-00-00 00:00:00'),
(166, '2015-07-08 18:05:00', '34b2eb49f9d3e544e746adee757d8a5c', '0000-00-00 00:00:00', '0000-00-00 00:00:00'),
(167, '2015-07-08 18:13:00', '9fd86511a461ec274f4cd5266134080e', '0000-00-00 00:00:00', '0000-00-00 00:00:00'),
(168, '2015-07-08 18:35:00', '34b2eb49f9d3e544e746adee757d8a5c', '0000-00-00 00:00:00', '0000-00-00 00:00:00'),
(169, '2015-07-08 18:35:00', '34b2eb49f9d3e544e746adee757d8a5c', '0000-00-00 00:00:00', '0000-00-00 00:00:00'),
(170, '2015-07-08 18:38:00', '34b2eb49f9d3e544e746adee757d8a5c', '0000-00-00 00:00:00', '0000-00-00 00:00:00'),
(171, '2015-07-08 18:44:00', '9fd86511a461ec274f4cd5266134080e', '0000-00-00 00:00:00', '0000-00-00 00:00:00'),
(172, '2015-07-08 18:47:00', '9fd86511a461ec274f4cd5266134080e', '0000-00-00 00:00:00', '0000-00-00 00:00:00'),
(173, '2015-07-08 18:49:00', '9fd86511a461ec274f4cd5266134080e', '0000-00-00 00:00:00', '0000-00-00 00:00:00');

-- --------------------------------------------------------

--
-- Table structure for table `order_detail`
--

CREATE TABLE `order_detail` (
  `id` int(11) NOT NULL,
  `order_id` int(11) NOT NULL,
  `pname` varchar(255) COLLATE utf8_unicode_ci NOT NULL,
  `q` int(11) NOT NULL,
  `price` int(11) NOT NULL,
  `pickup_store` varchar(255) COLLATE utf8_unicode_ci NOT NULL,
  `pickup_time` varchar(255) COLLATE utf8_unicode_ci NOT NULL,
  `delivery_city` varchar(255) COLLATE utf8_unicode_ci NOT NULL,
  `delivery_loc` varchar(255) COLLATE utf8_unicode_ci NOT NULL,
  `delivery_flat` varchar(255) COLLATE utf8_unicode_ci NOT NULL,
  `delivery_store` varchar(255) COLLATE utf8_unicode_ci NOT NULL,
  `delivery_time` datetime NOT NULL,
  `created_at` timestamp NOT NULL DEFAULT '0000-00-00 00:00:00',
  `updated_at` timestamp NOT NULL DEFAULT '0000-00-00 00:00:00'
) ENGINE=InnoDB DEFAULT CHARSET=utf8 COLLATE=utf8_unicode_ci;

--
-- Dumping data for table `order_detail`
--

INSERT INTO `order_detail` (`id`, `order_id`, `pname`, `q`, `price`, `pickup_store`, `pickup_time`, `delivery_city`, `delivery_loc`, `delivery_flat`, `delivery_store`, `delivery_time`, `created_at`, `updated_at`) VALUES
(1, 116, 'SHANGHAI NOODLES-veg', 1, 90, 'Srerampore', '', '', '', '', '', '0000-00-00 00:00:00', '0000-00-00 00:00:00', '0000-00-00 00:00:00'),
(2, 116, 'SHANGHAI NOODLES-veg', 1, 90, 'Srerampore', '', '', '', '', '', '0000-00-00 00:00:00', '0000-00-00 00:00:00', '0000-00-00 00:00:00'),
(3, 116, 'SHANGHAI NOODLES-veg', 1, 90, 'Srerampore', '', '', '', '', '', '0000-00-00 00:00:00', '0000-00-00 00:00:00', '0000-00-00 00:00:00'),
(4, 116, 'RUSSIAN SALAD-veg', 1, 70, 'Srerampore', '', '', '', '', '', '0000-00-00 00:00:00', '0000-00-00 00:00:00', '0000-00-00 00:00:00'),
(5, 116, 'RUSSIAN SALAD-veg', 5, 70, 'Srerampore', '', '', '', '', '', '0000-00-00 00:00:00', '0000-00-00 00:00:00', '0000-00-00 00:00:00'),
(45, 125, 'HAKKA NOODLES (Veg)', 1, 95, 'Srerampore', '', '', '', '', '', '0000-00-00 00:00:00', '0000-00-00 00:00:00', '0000-00-00 00:00:00'),
(46, 125, 'HAKKA NOODLES (Non-Veg)', 1, 110, 'Srerampore', '', '', '', '', '', '0000-00-00 00:00:00', '0000-00-00 00:00:00', '0000-00-00 00:00:00'),
(47, 125, 'HAKKA NOODLES (Mixed)', 1, 125, 'Srerampore', '', '', '', '', '', '0000-00-00 00:00:00', '0000-00-00 00:00:00', '0000-00-00 00:00:00'),
(50, 127, 'VEG POLAO', 1, 85, 'Srerampore', '', '', '', '', '', '0000-00-00 00:00:00', '0000-00-00 00:00:00', '0000-00-00 00:00:00'),
(51, 127, 'PASTA IN CHEESE SAUCE (Veg)', 1, 110, 'Srerampore', '', '', '', '', '', '0000-00-00 00:00:00', '0000-00-00 00:00:00', '0000-00-00 00:00:00'),
(52, 127, 'PASTA IN CHEESE SAUCE (Non-Veg)', 1, 115, 'Srerampore', '', '', '', '', '', '0000-00-00 00:00:00', '0000-00-00 00:00:00', '0000-00-00 00:00:00'),
(53, 128, 'VEG POLAO', 1, 85, 'Srerampore', '', '', '', '', '', '0000-00-00 00:00:00', '0000-00-00 00:00:00', '0000-00-00 00:00:00'),
(54, 128, 'PASTA IN CHEESE SAUCE (Veg)', 1, 110, 'Srerampore', '', '', '', '', '', '0000-00-00 00:00:00', '0000-00-00 00:00:00', '0000-00-00 00:00:00'),
(55, 128, 'PASTA IN CHEESE SAUCE (Non-Veg)', 1, 115, 'Srerampore', '', '', '', '', '', '0000-00-00 00:00:00', '0000-00-00 00:00:00', '0000-00-00 00:00:00'),
(60, 0, 'CHICKEN MOMO (Non-Veg)', 1, 85, 'Srerampore', '', '', '', '', '', '0000-00-00 00:00:00', '0000-00-00 00:00:00', '0000-00-00 00:00:00'),
(61, 0, 'CHICKEN MOMO (Non-Veg)', 1, 85, 'Srerampore', '', '', '', '', '', '0000-00-00 00:00:00', '0000-00-00 00:00:00', '0000-00-00 00:00:00'),
(63, 133, 'VEG MOMO (Veg)', 1, 80, 'Srerampore', '', '', '', '', '', '0000-00-00 00:00:00', '0000-00-00 00:00:00', '0000-00-00 00:00:00'),
(64, 133, 'PRAWN POLAO', 1, 120, 'Srerampore', '', '', '', '', '', '0000-00-00 00:00:00', '0000-00-00 00:00:00', '0000-00-00 00:00:00'),
(65, 134, 'VEG MOMO (Veg)', 1, 80, 'Srerampore', '', '', '', '', '', '0000-00-00 00:00:00', '0000-00-00 00:00:00', '0000-00-00 00:00:00'),
(66, 134, 'PRAWN POLAO', 1, 120, 'Srerampore', '', '', '', '', '', '0000-00-00 00:00:00', '0000-00-00 00:00:00', '0000-00-00 00:00:00'),
(67, 134, 'VEG AUGRATIN (Veg)', 1, 105, 'Srerampore', '', '', '', '', '', '0000-00-00 00:00:00', '0000-00-00 00:00:00', '0000-00-00 00:00:00'),
(68, 134, 'VEG AUGRATIN (Non-Veg)', 1, 125, 'Srerampore', '', '', '', '', '', '0000-00-00 00:00:00', '0000-00-00 00:00:00', '0000-00-00 00:00:00'),
(69, 135, 'PRAWN POLAO', 5, 120, 'Srerampore', '', '', '', '', '', '0000-00-00 00:00:00', '0000-00-00 00:00:00', '0000-00-00 00:00:00'),
(70, 136, 'PRAWN POLAO', 5, 120, 'Srerampore', '', '', '', '', '', '0000-00-00 00:00:00', '0000-00-00 00:00:00', '0000-00-00 00:00:00'),
(71, 137, 'PRAWN POLAO', 5, 120, 'Srerampore', '', '', '', '', '', '0000-00-00 00:00:00', '0000-00-00 00:00:00', '0000-00-00 00:00:00'),
(72, 138, 'PRAWN POLAO', 5, 120, 'Srerampore', '', '', '', '', '', '0000-00-00 00:00:00', '0000-00-00 00:00:00', '0000-00-00 00:00:00'),
(73, 138, 'SAMOSA CHAAT', 1, 45, 'Srerampore', '', '', '', '', '', '0000-00-00 00:00:00', '0000-00-00 00:00:00', '0000-00-00 00:00:00'),
(74, 139, 'HONGKONG CHICKEN', 1, 180, 'Srerampore', '', '', '', '', '', '0000-00-00 00:00:00', '0000-00-00 00:00:00', '0000-00-00 00:00:00'),
(75, 139, 'KACHOORI CHAAT', 1, 55, 'Srerampore', '', '', '', '', '', '0000-00-00 00:00:00', '0000-00-00 00:00:00', '0000-00-00 00:00:00'),
(76, 139, 'HAKKA NOODLES (Veg)', 1, 90, 'Srerampore', '', '', '', '', '', '0000-00-00 00:00:00', '0000-00-00 00:00:00', '0000-00-00 00:00:00'),
(77, 139, 'HAKKA NOODLES (Non-Veg)', 1, 105, 'Srerampore', '', '', '', '', '', '0000-00-00 00:00:00', '0000-00-00 00:00:00', '0000-00-00 00:00:00'),
(78, 139, 'HAKKA NOODLES (Mixed)', 1, 115, 'Srerampore', '', '', '', '', '', '0000-00-00 00:00:00', '0000-00-00 00:00:00', '0000-00-00 00:00:00'),
(79, 140, 'VEG MOMO (Veg)', 1, 80, 'Hindmotor', '18:52', '', '', '', '', '0000-00-00 00:00:00', '0000-00-00 00:00:00', '0000-00-00 00:00:00'),
(80, 140, 'CHICKEN MOMO (Non-Veg)', 1, 85, 'Hindmotor', '18:52', '', '', '', '', '0000-00-00 00:00:00', '0000-00-00 00:00:00', '0000-00-00 00:00:00'),
(81, 141, 'CHICKEN POLAO', 1, 95, 'Hindmotor', '15:21', '', '', '', '', '0000-00-00 00:00:00', '0000-00-00 00:00:00', '0000-00-00 00:00:00'),
(82, 143, 'EXTRA PAV (2PCS.)', 1, 35, '', '', 'Srerampore', 'deepsikha', '10/1', 'Srerampore', '0000-00-00 00:00:00', '0000-00-00 00:00:00', '0000-00-00 00:00:00'),
(83, 144, 'EXTRA PAV (2PCS.)', 1, 35, '', '', 'Srerampore', 'deepsikha', '10/1', 'Srerampore', '0000-00-00 00:00:00', '0000-00-00 00:00:00', '0000-00-00 00:00:00'),
(84, 145, 'EXTRA PAV (2PCS.)', 1, 35, '', '', 'Srerampore', 'deepsikha', '10/1', 'Srerampore', '0000-00-00 00:00:00', '0000-00-00 00:00:00', '0000-00-00 00:00:00'),
(85, 146, 'EXTRA PAV (2PCS.)', 1, 35, '', '', 'Srerampore', 'deepsikha', '10/1', 'Srerampore', '0000-00-00 00:00:00', '0000-00-00 00:00:00', '0000-00-00 00:00:00'),
(86, 147, 'PANI PURI', 1, 35, 'Hindmotor', '', '', '', '', '', '0000-00-00 00:00:00', '0000-00-00 00:00:00', '0000-00-00 00:00:00'),
(87, 148, 'PANEER POLAO', 1, 95, 'Hindmotor', '15:42', '', '', '', '', '0000-00-00 00:00:00', '0000-00-00 00:00:00', '0000-00-00 00:00:00'),
(88, 149, 'PRAWN POLAO', 1, 120, 'Hindmotor', '', '', '', '', '', '0000-00-00 00:00:00', '0000-00-00 00:00:00', '0000-00-00 00:00:00'),
(89, 149, 'EXTRA PAV (2PCS.)', 1, 35, 'Hindmotor', '', '', '', '', '', '0000-00-00 00:00:00', '0000-00-00 00:00:00', '0000-00-00 00:00:00'),
(90, 150, 'PASTA ARABIATTA (Veg)', 1, 95, '', '', '', '', '', '', '0000-00-00 00:00:00', '0000-00-00 00:00:00', '0000-00-00 00:00:00'),
(91, 151, 'CLUB KACHOORI', 1, 55, 'Hindmotor', '', '', '', '', '', '0000-00-00 00:00:00', '0000-00-00 00:00:00', '0000-00-00 00:00:00'),
(92, 151, 'SHANGHAI NOODLES (Veg)', 1, 90, 'Hindmotor', '', '', '', '', '', '0000-00-00 00:00:00', '0000-00-00 00:00:00', '0000-00-00 00:00:00'),
(93, 151, 'SHANGHAI NOODLES (Non-Veg)', 1, 105, 'Hindmotor', '', '', '', '', '', '0000-00-00 00:00:00', '0000-00-00 00:00:00', '0000-00-00 00:00:00'),
(94, 151, 'SHANGHAI NOODLES (Mixed)', 1, 115, 'Hindmotor', '', '', '', '', '', '0000-00-00 00:00:00', '0000-00-00 00:00:00', '0000-00-00 00:00:00'),
(95, 152, 'GHEE DOSA', 1, 65, 'Srerampore', '', '', '', '', '', '0000-00-00 00:00:00', '0000-00-00 00:00:00', '0000-00-00 00:00:00'),
(96, 153, 'CLUB KACHOORI', 1, 55, 'Hindmotor', '', '', '', '', '', '0000-00-00 00:00:00', '0000-00-00 00:00:00', '0000-00-00 00:00:00'),
(97, 153, 'SHANGHAI NOODLES (Veg)', 1, 90, 'Hindmotor', '', '', '', '', '', '0000-00-00 00:00:00', '0000-00-00 00:00:00', '0000-00-00 00:00:00'),
(98, 153, 'SHANGHAI NOODLES (Non-Veg)', 1, 105, 'Hindmotor', '', '', '', '', '', '0000-00-00 00:00:00', '0000-00-00 00:00:00', '0000-00-00 00:00:00'),
(99, 153, 'SHANGHAI NOODLES (Mixed)', 1, 115, 'Hindmotor', '', '', '', '', '', '0000-00-00 00:00:00', '0000-00-00 00:00:00', '0000-00-00 00:00:00'),
(100, 153, 'CHICKEN DRUMSTICK (Non-Veg)', 1, 150, 'Hindmotor', '', '', '', '', '', '0000-00-00 00:00:00', '0000-00-00 00:00:00', '0000-00-00 00:00:00'),
(101, 154, 'CLUB KACHOORI', 1, 55, 'Hindmotor', '', '', '', '', '', '0000-00-00 00:00:00', '0000-00-00 00:00:00', '0000-00-00 00:00:00'),
(102, 154, 'SHANGHAI NOODLES (Veg)', 1, 90, 'Hindmotor', '', '', '', '', '', '0000-00-00 00:00:00', '0000-00-00 00:00:00', '0000-00-00 00:00:00'),
(103, 154, 'SHANGHAI NOODLES (Non-Veg)', 1, 105, 'Hindmotor', '', '', '', '', '', '0000-00-00 00:00:00', '0000-00-00 00:00:00', '0000-00-00 00:00:00'),
(104, 154, 'SHANGHAI NOODLES (Mixed)', 1, 115, 'Hindmotor', '', '', '', '', '', '0000-00-00 00:00:00', '0000-00-00 00:00:00', '0000-00-00 00:00:00'),
(105, 154, 'CHICKEN DRUMSTICK (Non-Veg)', 1, 150, 'Hindmotor', '', '', '', '', '', '0000-00-00 00:00:00', '0000-00-00 00:00:00', '0000-00-00 00:00:00'),
(106, 154, 'MUNG DAAL', 1, 30, 'Hindmotor', '', '', '', '', '', '0000-00-00 00:00:00', '0000-00-00 00:00:00', '0000-00-00 00:00:00'),
(107, 154, 'CHINGRI BORA', 1, 85, 'Hindmotor', '', '', '', '', '', '0000-00-00 00:00:00', '0000-00-00 00:00:00', '0000-00-00 00:00:00'),
(108, 155, 'RAWA IDLY', 1, 55, 'Hindmotor', '12:25', '', '', '', '', '0000-00-00 00:00:00', '0000-00-00 00:00:00', '0000-00-00 00:00:00'),
(109, 156, 'PANI PURI', 1, 35, 'Hindmotor', '', '', '', '', '', '0000-00-00 00:00:00', '0000-00-00 00:00:00', '0000-00-00 00:00:00'),
(110, 156, 'BHEL PURI', 1, 35, 'Hindmotor', '', '', '', '', '', '0000-00-00 00:00:00', '0000-00-00 00:00:00', '0000-00-00 00:00:00'),
(111, 156, 'PAPRI CHAAT', 1, 65, 'Hindmotor', '', '', '', '', '', '0000-00-00 00:00:00', '0000-00-00 00:00:00', '0000-00-00 00:00:00'),
(112, 156, 'EXTRA PAV (2PCS.)', 1, 35, 'Hindmotor', '', '', '', '', '', '0000-00-00 00:00:00', '0000-00-00 00:00:00', '0000-00-00 00:00:00'),
(113, 156, 'PAVBHAJI', 1, 65, 'Hindmotor', '', '', '', '', '', '0000-00-00 00:00:00', '0000-00-00 00:00:00', '0000-00-00 00:00:00'),
(114, 157, 'RAWA IDLY', 1, 55, 'Hindmotor', '12:25', '', '', '', '', '0000-00-00 00:00:00', '0000-00-00 00:00:00', '0000-00-00 00:00:00'),
(115, 157, 'CRISPY CHILLI BABY CORN (Veg)', 1, 120, 'Hindmotor', '12:25', '', '', '', '', '0000-00-00 00:00:00', '0000-00-00 00:00:00', '0000-00-00 00:00:00'),
(116, 158, 'RAWA IDLY', 1, 55, 'Hindmotor', '12:25', '', '', '', '', '0000-00-00 00:00:00', '0000-00-00 00:00:00', '0000-00-00 00:00:00'),
(117, 158, 'CRISPY CHILLI BABY CORN (Veg)', 1, 120, 'Hindmotor', '12:25', '', '', '', '', '0000-00-00 00:00:00', '0000-00-00 00:00:00', '0000-00-00 00:00:00'),
(118, 159, 'PANI PURI', 1, 35, 'Srerampore', '', '', '', '', '', '0000-00-00 00:00:00', '0000-00-00 00:00:00', '0000-00-00 00:00:00'),
(119, 160, 'RAWA IDLY', 1, 55, 'Hindmotor', '', '', '', '', '', '0000-00-00 00:00:00', '0000-00-00 00:00:00', '0000-00-00 00:00:00'),
(120, 160, 'CRISPY CHILLI BABY CORN (Veg)', 3, 120, 'Hindmotor', '', '', '', '', '', '0000-00-00 00:00:00', '0000-00-00 00:00:00', '0000-00-00 00:00:00'),
(121, 161, 'BHEL PURI', 1, 35, 'Srerampore', '', '', '', '', '', '0000-00-00 00:00:00', '0000-00-00 00:00:00', '0000-00-00 00:00:00'),
(122, 161, 'RAJ KACHORI', 1, 75, 'Srerampore', '', '', '', '', '', '0000-00-00 00:00:00', '0000-00-00 00:00:00', '0000-00-00 00:00:00'),
(123, 161, 'HAKKA NOODLES (Non-Veg)', 1, 105, 'Srerampore', '', '', '', '', '', '0000-00-00 00:00:00', '0000-00-00 00:00:00', '0000-00-00 00:00:00'),
(124, 161, 'HAKKA NOODLES (Mixed)', 1, 115, 'Srerampore', '', '', '', '', '', '0000-00-00 00:00:00', '0000-00-00 00:00:00', '0000-00-00 00:00:00'),
(125, 162, 'BHEL PURI', 1, 35, 'Srerampore', '', '', '', '', '', '0000-00-00 00:00:00', '0000-00-00 00:00:00', '0000-00-00 00:00:00'),
(126, 162, 'RAJ KACHORI', 1, 75, 'Srerampore', '', '', '', '', '', '0000-00-00 00:00:00', '0000-00-00 00:00:00', '0000-00-00 00:00:00'),
(127, 162, 'HAKKA NOODLES (Non-Veg)', 1, 105, 'Srerampore', '', '', '', '', '', '0000-00-00 00:00:00', '0000-00-00 00:00:00', '0000-00-00 00:00:00'),
(128, 162, 'HAKKA NOODLES (Mixed)', 1, 115, 'Srerampore', '', '', '', '', '', '0000-00-00 00:00:00', '0000-00-00 00:00:00', '0000-00-00 00:00:00'),
(129, 163, 'BHEL CHAAT', 1, 45, 'Hindmotor', '', '', '', '', '', '0000-00-00 00:00:00', '0000-00-00 00:00:00', '0000-00-00 00:00:00'),
(130, 163, 'PAPRI CHAAT', 1, 65, 'Hindmotor', '', '', '', '', '', '0000-00-00 00:00:00', '0000-00-00 00:00:00', '0000-00-00 00:00:00'),
(131, 164, 'DAHI PURI', 1, 50, 'Hindmotor', '', '', '', '', '', '0000-00-00 00:00:00', '0000-00-00 00:00:00', '0000-00-00 00:00:00'),
(132, 164, 'PAVBHAJI', 1, 65, 'Hindmotor', '', '', '', '', '', '0000-00-00 00:00:00', '0000-00-00 00:00:00', '0000-00-00 00:00:00'),
(133, 165, 'EXTRA PAV (2PCS.)', 1, 35, 'Hindmotor', '18:03', '', '', '', '', '0000-00-00 00:00:00', '0000-00-00 00:00:00', '0000-00-00 00:00:00'),
(134, 165, 'BHEL PURI', 1, 35, 'Hindmotor', '18:03', '', '', '', '', '0000-00-00 00:00:00', '0000-00-00 00:00:00', '0000-00-00 00:00:00'),
(135, 166, 'PAVBHAJI', 1, 65, 'Hindmotor', '19:0', '', '', '', '', '0000-00-00 00:00:00', '0000-00-00 00:00:00', '0000-00-00 00:00:00'),
(136, 166, 'KACHOORI CHAAT', 1, 55, 'Hindmotor', '19:0', '', '', '', '', '0000-00-00 00:00:00', '0000-00-00 00:00:00', '0000-00-00 00:00:00'),
(137, 167, 'CRISPY CHILLI BABY CORN (Veg)', 1, 120, '', '', 'Hindmotor', 'deepsikha', '10/1', 'Hindmotor', '0000-00-00 00:00:00', '0000-00-00 00:00:00', '0000-00-00 00:00:00'),
(138, 167, 'SEW PURI', 1, 50, '', '', 'Hindmotor', 'deepsikha', '10/1', 'Hindmotor', '0000-00-00 00:00:00', '0000-00-00 00:00:00', '0000-00-00 00:00:00'),
(139, 168, 'SEW PURI', 1, 50, 'Hindmotor', '20:44', '', '', '', '', '0000-00-00 00:00:00', '0000-00-00 00:00:00', '0000-00-00 00:00:00'),
(140, 168, 'BHEL PURI', 1, 35, 'Hindmotor', '20:44', '', '', '', '', '0000-00-00 00:00:00', '0000-00-00 00:00:00', '0000-00-00 00:00:00'),
(141, 169, 'SEW PURI', 1, 50, 'Hindmotor', '20:44', '', '', '', '', '0000-00-00 00:00:00', '0000-00-00 00:00:00', '0000-00-00 00:00:00'),
(142, 169, 'BHEL PURI', 1, 35, 'Hindmotor', '20:44', '', '', '', '', '0000-00-00 00:00:00', '0000-00-00 00:00:00', '0000-00-00 00:00:00');

-- --------------------------------------------------------

--
-- Table structure for table `pages`
--

CREATE TABLE `pages` (
  `id` int(11) NOT NULL,
  `title` varchar(255) COLLATE utf8_unicode_ci NOT NULL,
  `content` text COLLATE utf8_unicode_ci NOT NULL,
  `date` timestamp NOT NULL DEFAULT CURRENT_TIMESTAMP
) ENGINE=InnoDB DEFAULT CHARSET=utf8 COLLATE=utf8_unicode_ci;

--
-- Dumping data for table `pages`
--

INSERT INTO `pages` (`id`, `title`, `content`, `date`) VALUES
(3, 'About', '<p>&lt;p&gt;REDA Right Taste is a chain of new Boutique hotels with Multicuisine Restaurants in Hooghly District. Come alone or bring your family with you, stay here for a night or for weeks, stay here while on business trip or at some kind of conference ', '0000-00-00 00:00:00'),
(5, 'Test 2', '<p>testing</p>', '2015-06-19 10:00:14'),
(10, 'About Us', '<div class="col-md-10">\n<section class="content_section_inner">\n<article>\n<p>REDA Right Taste is a chain of new Boutique hotels with Multicuisine Restaurants in Hooghly District. Come alone or bring your family with you, stay here for a night or for weeks, stay here while on business trip or at some kind of conference - either way our hotel is the best possible variant. REDA Right Taste is an ideal space to create unforgettable memories.</p>\n<p>Reda Right Taste was opened in Hindmotor, Hooghly in June, 2014. It offers the best value for quality accommodation, perfect solutions for Business meets, Conferences, Seminars, Product launches, Annual meets and for any personal event functions and tasty and healthy foods in its restaurants.</p>\n</article>\n<div class="aboutus_slider">\n<ul class="slider_aboutuspage">\n<li><img title="Multicuisine Fesfive 2014&lt;em&gt;It is a long established fact&lt;/em&gt;" alt="" src="images/aboutus/banner1.jpg" /></li>\n<li><img title="Lorem Ipsum&lt;em&gt;Contrary to popular belief&lt;/em&gt;" alt="" src="images/aboutus/banner2.jpg" /></li>\n<li><img title="The standard chunk&lt;em&gt;Finibus Bonorum et Malorum&lt;/em&gt;" alt="" src="images/aboutus/banner3.jpg" /></li>\n</ul>\n</div>\n<h2>We serve you</h2>\n<article>\n<ul class="contentlist">\n<li>A Pure Vegetarian Restaurant at Gr. Floor</li>\n<li>A Multi-Cuisine Restaurant (VEG &amp; N/VEG) at 1st Floor</li>\n<li>A Banquet Hall for Kitty Party at 1st Floor</li>\n<li>A Conference Hall for Kitty Party at 1st Floor</li>\n<li>Modern A.C. Rooms at 3rd Floor</li>\n<li>Buffet''s on Selected days</li>\n</ul>\n<p>REDA Right Taste is now also in Srerampore REDA. This is REDA''s first outlet - Restaurant and take-way section which offers varieties of Veg and Non-veg Cuisines.</p>\n<p>You just think and our delivery van will reach in a moment at your doorstep for any type of get-together / parties</p>\n<h2>Our Working Hours</h2>\n<p class="open">Everyday open</p>\n<p class="open_hrs">9 a.m. to 11.p.m.</p>\n</article>\n</section>\n</div>', '2015-06-23 06:01:27');

-- --------------------------------------------------------

--
-- Table structure for table `password_resets`
--

CREATE TABLE `password_resets` (
  `email` varchar(255) COLLATE utf8_unicode_ci NOT NULL,
  `token` varchar(255) COLLATE utf8_unicode_ci NOT NULL,
  `created_at` timestamp NOT NULL DEFAULT CURRENT_TIMESTAMP ON UPDATE CURRENT_TIMESTAMP
) ENGINE=InnoDB DEFAULT CHARSET=utf8 COLLATE=utf8_unicode_ci;

-- --------------------------------------------------------

--
-- Table structure for table `roles`
--

CREATE TABLE `roles` (
  `id` int(10) UNSIGNED NOT NULL,
  `title` varchar(255) COLLATE utf8_unicode_ci NOT NULL,
  `created_at` timestamp NULL DEFAULT NULL,
  `updated_at` timestamp NULL DEFAULT NULL
) ENGINE=InnoDB DEFAULT CHARSET=utf8 COLLATE=utf8_unicode_ci;

--
-- Dumping data for table `roles`
--

INSERT INTO `roles` (`id`, `title`, `created_at`, `updated_at`) VALUES
(1, 'Administrator', '2016-08-07 09:46:43', '2016-08-07 09:46:43'),
(2, 'User', '2016-08-07 09:46:43', '2016-08-07 09:46:43');

-- --------------------------------------------------------

--
-- Table structure for table `rooms`
--

CREATE TABLE `rooms` (
  `id` int(11) NOT NULL,
  `name` varchar(255) COLLATE utf8_unicode_ci NOT NULL,
  `p_count` int(11) NOT NULL,
  `price` int(11) NOT NULL,
  `tax` int(11) NOT NULL,
  `room_type` varchar(20) COLLATE utf8_unicode_ci NOT NULL,
  `avail` tinyint(1) NOT NULL,
  `arrival` date NOT NULL,
  `depart` date NOT NULL,
  `created_at` timestamp NOT NULL DEFAULT '0000-00-00 00:00:00',
  `updated_at` timestamp NOT NULL DEFAULT '0000-00-00 00:00:00'
) ENGINE=InnoDB DEFAULT CHARSET=utf8 COLLATE=utf8_unicode_ci;

--
-- Dumping data for table `rooms`
--

INSERT INTO `rooms` (`id`, `name`, `p_count`, `price`, `tax`, `room_type`, `avail`, `arrival`, `depart`, `created_at`, `updated_at`) VALUES
(1, 'One Single Bed Deluxe', 1, 800, 15, 'deluxe', 1, '2015-06-29', '2015-06-30', '0000-00-00 00:00:00', '0000-00-00 00:00:00'),
(2, 'One Double Bed Standard', 2, 1000, 20, 'standard', 1, '2015-06-27', '2015-06-30', '0000-00-00 00:00:00', '0000-00-00 00:00:00'),
(3, 'Two Double Bed Deluxe', 4, 3000, 30, 'deluxe', 1, '2015-06-30', '2015-07-24', '0000-00-00 00:00:00', '0000-00-00 00:00:00'),
(4, 'Two Double Bed Standard', 4, 1800, 35, 'standard', 0, '2015-06-29', '2015-07-10', '0000-00-00 00:00:00', '0000-00-00 00:00:00'),
(5, 'Three Double Bed Standard', 6, 3000, 45, 'standard', 1, '2015-06-26', '2015-06-27', '0000-00-00 00:00:00', '0000-00-00 00:00:00'),
(6, 'Three Double Bed Deluxe', 6, 4500, 55, 'deluxe', 1, '2015-06-27', '2015-07-15', '0000-00-00 00:00:00', '0000-00-00 00:00:00'),
(7, 'Two Double Bed Deluxe with Pool', 4, 5000, 55, 'deluxe', 1, '2015-06-27', '2015-07-25', '0000-00-00 00:00:00', '0000-00-00 00:00:00'),
(8, 'Two Double Bed Deluxe with AC', 4, 5500, 55, 'deluxe', 1, '2015-06-27', '2015-07-25', '0000-00-00 00:00:00', '0000-00-00 00:00:00');

-- --------------------------------------------------------

--
-- Table structure for table `serampore_test`
--

CREATE TABLE `serampore_test` (
  `id_product` int(11) NOT NULL,
  `pname` varchar(255) COLLATE utf8_unicode_ci NOT NULL,
  `cat_id` int(11) NOT NULL,
  `price` varchar(255) COLLATE utf8_unicode_ci NOT NULL,
  `veg` varchar(255) COLLATE utf8_unicode_ci NOT NULL,
  `nveg` varchar(255) COLLATE utf8_unicode_ci NOT NULL,
  `mixed` varchar(255) COLLATE utf8_unicode_ci NOT NULL,
  `created_at` timestamp NOT NULL DEFAULT '0000-00-00 00:00:00',
  `updated_at` timestamp NOT NULL DEFAULT '0000-00-00 00:00:00'
) ENGINE=InnoDB DEFAULT CHARSET=utf8 COLLATE=utf8_unicode_ci;

--
-- Dumping data for table `serampore_test`
--

INSERT INTO `serampore_test` (`id_product`, `pname`, `cat_id`, `price`, `veg`, `nveg`, `mixed`, `created_at`, `updated_at`) VALUES
(241, 'CRISPY CHILLI BABY CORN', 1, '', '120', '', '', '0000-00-00 00:00:00', '0000-00-00 00:00:00'),
(242, 'AMERICAN CORN-PEPPER SALT', 1, '', '95', '', '', '0000-00-00 00:00:00', '0000-00-00 00:00:00'),
(243, 'SCHEZWAN POTATO', 1, '', '95', '', '', '0000-00-00 00:00:00', '0000-00-00 00:00:00'),
(244, 'CHEESE BALLS IN HOT-GARLIC SAUCE', 1, '', '115', '', '', '0000-00-00 00:00:00', '0000-00-00 00:00:00'),
(245, 'VEG MOMO', 1, '', '80', '', '', '0000-00-00 00:00:00', '0000-00-00 00:00:00'),
(246, 'CHICKEN MOMO', 1, '', '', '85', '', '0000-00-00 00:00:00', '0000-00-00 00:00:00'),
(247, 'CRISPY FRIED FISH', 1, '', '', '135', '', '0000-00-00 00:00:00', '0000-00-00 00:00:00'),
(248, 'CHILLY PEPPER PRAWN', 1, '', '', '175', '', '0000-00-00 00:00:00', '0000-00-00 00:00:00'),
(249, 'GOLDEN FRIED PRAWN', 1, '', '', '190', '', '0000-00-00 00:00:00', '0000-00-00 00:00:00'),
(250, 'CHICKEN DRUMSTICK', 1, '', '', '150', '', '0000-00-00 00:00:00', '0000-00-00 00:00:00'),
(251, 'DRUM OF HEAVEN', 1, '', '', '170', '', '0000-00-00 00:00:00', '0000-00-00 00:00:00'),
(252, 'CONZY CRISPY CHICKEN', 1, '', '', '125', '', '0000-00-00 00:00:00', '0000-00-00 00:00:00'),
(253, 'LAT ME KAI', 1, '', '', '150', '', '0000-00-00 00:00:00', '0000-00-00 00:00:00'),
(254, 'GARLIC CHICKEN (DRY/GRAVY)', 1, '', '', '140', '', '0000-00-00 00:00:00', '0000-00-00 00:00:00'),
(255, 'GINGER CHICKEN (DRY/GRAVY)', 1, '', '', '140', '', '0000-00-00 00:00:00', '0000-00-00 00:00:00'),
(256, 'CORN CHEESE CHICKEN', 1, '', '', '170', '', '0000-00-00 00:00:00', '0000-00-00 00:00:00'),
(257, 'CHICKEN NUGGETS', 1, '', '', '110', '', '0000-00-00 00:00:00', '0000-00-00 00:00:00'),
(258, 'PAN FRIED FISH / CHICKEN', 1, '', '', '180', '', '0000-00-00 00:00:00', '0000-00-00 00:00:00'),
(259, 'HONEY GLAZE LEMON CHICKEN', 1, '', '', '195', '', '0000-00-00 00:00:00', '0000-00-00 00:00:00'),
(266, 'HARI MIRCH KI PANEER', 3, '140', '', '', '', '0000-00-00 00:00:00', '0000-00-00 00:00:00'),
(267, 'PANEER MALAI TIKKA', 3, '150', '', '', '', '0000-00-00 00:00:00', '0000-00-00 00:00:00'),
(268, 'AFGANI PANEER TIKKA', 3, '160', '', '', '', '0000-00-00 00:00:00', '0000-00-00 00:00:00'),
(269, 'HARA BHARA KEBAB', 3, '90', '', '', '', '0000-00-00 00:00:00', '0000-00-00 00:00:00'),
(270, 'SHAMI KEBAB (VEG)', 3, '90', '', '', '', '0000-00-00 00:00:00', '0000-00-00 00:00:00'),
(271, 'STUFF TANDOOR ALU', 3, '85', '', '', '', '0000-00-00 00:00:00', '0000-00-00 00:00:00'),
(274, 'AJWANI FISH TIKKA', 4, '195', '', '', '', '0000-00-00 00:00:00', '0000-00-00 00:00:00'),
(275, 'FISH TIKKA', 4, '195', '', '', '', '0000-00-00 00:00:00', '0000-00-00 00:00:00'),
(276, 'PESHWARI FISH TIKKA', 4, '280', '', '', '', '0000-00-00 00:00:00', '0000-00-00 00:00:00'),
(277, 'HARI MIRCH KA JHEENGA', 4, '310', '', '', '', '0000-00-00 00:00:00', '0000-00-00 00:00:00'),
(278, 'TANDOORI JHEENGA', 4, '330', '', '', '', '0000-00-00 00:00:00', '0000-00-00 00:00:00'),
(279, 'FISH FROZI', 4, '195', '', '', '', '0000-00-00 00:00:00', '0000-00-00 00:00:00'),
(282, 'MURG LASOONI KEBAB', 5, '180', '', '', '', '0000-00-00 00:00:00', '0000-00-00 00:00:00'),
(283, 'MURG TIKKA', 5, '170', '', '', '', '0000-00-00 00:00:00', '0000-00-00 00:00:00'),
(284, 'MURG MALAI KEBAB', 5, '185', '', '', '', '0000-00-00 00:00:00', '0000-00-00 00:00:00'),
(285, 'MURG RESHMI KEBAB', 5, '180', '', '', '', '0000-00-00 00:00:00', '0000-00-00 00:00:00'),
(286, 'MURG SHEEKH KEBAB', 5, '180', '', '', '', '0000-00-00 00:00:00', '0000-00-00 00:00:00'),
(287, 'MURG KALMI KEBAB', 5, '280', '', '', '', '0000-00-00 00:00:00', '0000-00-00 00:00:00'),
(288, 'ALESHAN KEBAB', 5, '175', '', '', '', '0000-00-00 00:00:00', '0000-00-00 00:00:00'),
(289, 'MURGH PAHARI KEBAB', 5, '175', '', '', '', '0000-00-00 00:00:00', '0000-00-00 00:00:00'),
(291, 'FULL', 6, '245', '', '', '', '0000-00-00 00:00:00', '0000-00-00 00:00:00'),
(292, 'HALF', 6, '165', '', '', '', '0000-00-00 00:00:00', '0000-00-00 00:00:00'),
(294, 'FULL', 7, '325', '', '', '', '0000-00-00 00:00:00', '0000-00-00 00:00:00'),
(295, 'HALF', 7, '180', '', '', '', '0000-00-00 00:00:00', '0000-00-00 00:00:00'),
(296, 'HARIYALI MURG TIKKA', 5, '195', '', '', '', '0000-00-00 00:00:00', '0000-00-00 00:00:00'),
(297, 'HARIYALI HYDRABADI MURG', 5, '260', '', '', '', '0000-00-00 00:00:00', '0000-00-00 00:00:00'),
(298, 'AWADHI MURG TIKKA', 5, '175', '', '', '', '0000-00-00 00:00:00', '0000-00-00 00:00:00'),
(301, 'MUTTON BARRA KEBAB', 8, '225', '', '', '', '0000-00-00 00:00:00', '0000-00-00 00:00:00'),
(302, 'MUTTON SHEEKH KEBAB', 8, '225', '', '', '', '0000-00-00 00:00:00', '0000-00-00 00:00:00'),
(305, 'GREEN SALAD', 9, '65', '', '', '', '0000-00-00 00:00:00', '0000-00-00 00:00:00'),
(310, 'PALAK PANEER', 11, '145', '', '', '', '0000-00-00 00:00:00', '0000-00-00 00:00:00'),
(311, 'KADAI PANEER', 11, '150', '', '', '', '0000-00-00 00:00:00', '0000-00-00 00:00:00'),
(312, 'PANEER MAKHANI', 11, '150', '', '', '', '0000-00-00 00:00:00', '0000-00-00 00:00:00'),
(313, 'PANEER CHATPATA', 11, '145', '', '', '', '0000-00-00 00:00:00', '0000-00-00 00:00:00'),
(314, 'MALAI KOFTA', 11, '120', '', '', '', '0000-00-00 00:00:00', '0000-00-00 00:00:00'),
(315, 'SHAM SABERA KOFTA', 11, '120', '', '', '', '0000-00-00 00:00:00', '0000-00-00 00:00:00'),
(316, 'NAVRATAN KORMA', 11, '145', '', '', '', '0000-00-00 00:00:00', '0000-00-00 00:00:00'),
(317, 'CORN ALOO DUM', 11, '120', '', '', '', '0000-00-00 00:00:00', '0000-00-00 00:00:00'),
(318, 'KASHMIRI ALOO DUM', 11, '110', '', '', '', '0000-00-00 00:00:00', '0000-00-00 00:00:00'),
(319, 'CHANA MASALA', 11, '105', '', '', '', '0000-00-00 00:00:00', '0000-00-00 00:00:00'),
(320, 'MUSHROOM MASALA', 11, '135', '', '', '', '0000-00-00 00:00:00', '0000-00-00 00:00:00'),
(321, 'LAHORI VEG', 11, '120', '', '', '', '0000-00-00 00:00:00', '0000-00-00 00:00:00'),
(322, 'SUBZ JHALFREZI ', 11, '120', '', '', '', '0000-00-00 00:00:00', '0000-00-00 00:00:00'),
(323, 'REDA SIGNATURE SUM ALOO', 11, '110', '', '', '', '0000-00-00 00:00:00', '0000-00-00 00:00:00'),
(328, 'PRAWN BUTTER MASALA', 13, '', '', '', '', '0000-00-00 00:00:00', '0000-00-00 00:00:00'),
(329, 'PRAWN MALAI CURRY', 13, '', '', '', '', '0000-00-00 00:00:00', '0000-00-00 00:00:00'),
(330, 'KADAI JHEENGA', 13, '', '', '', '', '0000-00-00 00:00:00', '0000-00-00 00:00:00'),
(331, 'FISH BUTTER MASALA', 13, '', '', '', '', '0000-00-00 00:00:00', '0000-00-00 00:00:00'),
(332, 'FISH TIKKA MASALA', 13, '', '', '', '', '0000-00-00 00:00:00', '0000-00-00 00:00:00'),
(335, 'MURG RAPPED PATIYALA', 14, '190', '', '', '', '0000-00-00 00:00:00', '0000-00-00 00:00:00'),
(336, 'DAHI MURG', 14, '190', '', '', '', '0000-00-00 00:00:00', '0000-00-00 00:00:00'),
(337, 'JHILMIL MURG', 14, '190', '', '', '', '0000-00-00 00:00:00', '0000-00-00 00:00:00'),
(338, 'MURG TIKKA MASALA', 14, '170', '', '', '', '0000-00-00 00:00:00', '0000-00-00 00:00:00'),
(339, 'MURG CHATPATA', 14, '160', '', '', '', '0000-00-00 00:00:00', '0000-00-00 00:00:00'),
(340, 'MURG PATIALA', 14, '170', '', '', '', '0000-00-00 00:00:00', '0000-00-00 00:00:00'),
(341, 'MURG LABABDAR', 14, '175', '', '', '', '0000-00-00 00:00:00', '0000-00-00 00:00:00'),
(342, 'MURG CURRY', 14, '170', '', '', '', '0000-00-00 00:00:00', '0000-00-00 00:00:00'),
(343, 'MURG BHARTA', 14, '165', '', '', '', '0000-00-00 00:00:00', '0000-00-00 00:00:00'),
(344, 'KADAI MURG', 14, '170', '', '', '', '0000-00-00 00:00:00', '0000-00-00 00:00:00'),
(345, 'BUTTER MURG ', 14, '170', '', '', '', '0000-00-00 00:00:00', '0000-00-00 00:00:00'),
(346, 'CHICKEN CHAAP', 14, '130', '', '', '', '0000-00-00 00:00:00', '0000-00-00 00:00:00'),
(349, 'KADAI MUTTON', 15, '190', '', '', '', '0000-00-00 00:00:00', '0000-00-00 00:00:00'),
(350, 'RARA MUTTON', 15, '200', '', '', '', '0000-00-00 00:00:00', '0000-00-00 00:00:00'),
(351, 'MUTTON ROGANJOSH', 15, '190', '', '', '', '0000-00-00 00:00:00', '0000-00-00 00:00:00'),
(352, 'MUTTON LALMAS', 15, '185', '', '', '', '0000-00-00 00:00:00', '0000-00-00 00:00:00'),
(353, 'BHUNA GOSHT', 15, '180', '', '', '', '0000-00-00 00:00:00', '0000-00-00 00:00:00'),
(354, 'MUTTON CHAAP', 15, '180', '', '', '', '0000-00-00 00:00:00', '0000-00-00 00:00:00'),
(357, 'DRY FRY', 16, '90', '', '', '', '0000-00-00 00:00:00', '0000-00-00 00:00:00'),
(358, 'DAL MAKHANI', 16, '105', '', '', '', '0000-00-00 00:00:00', '0000-00-00 00:00:00'),
(361, 'STEAMED RICE', 17, '70', '', '', '', '0000-00-00 00:00:00', '0000-00-00 00:00:00'),
(362, 'JEERA RICE', 17, '80', '', '', '', '0000-00-00 00:00:00', '0000-00-00 00:00:00'),
(363, 'PEAS PULAO', 17, '85', '', '', '', '0000-00-00 00:00:00', '0000-00-00 00:00:00'),
(364, 'VEG PULAO', 17, '95', '', '', '', '0000-00-00 00:00:00', '0000-00-00 00:00:00'),
(365, 'PANEER PULAO', 17, '105', '', '', '', '0000-00-00 00:00:00', '0000-00-00 00:00:00'),
(366, 'NAVRATAN PULAO', 17, '105', '', '', '', '0000-00-00 00:00:00', '0000-00-00 00:00:00'),
(367, 'BIRIYANI (VEG/CHICKEN/MUTTON)', 17, '  120.00/145.00/170.00  ', '', '', '', '0000-00-00 00:00:00', '0000-00-00 00:00:00'),
(370, 'TOMATO CUCUMBER RAITA', 18, '55', '', '', '', '0000-00-00 00:00:00', '0000-00-00 00:00:00'),
(371, 'ONION CHILLI RAITA', 18, '60', '', '', '', '0000-00-00 00:00:00', '0000-00-00 00:00:00'),
(372, 'MIXED RAITA', 18, '65', '', '', '', '0000-00-00 00:00:00', '0000-00-00 00:00:00'),
(373, 'BOONDI RAITA', 18, '60', '', '', '', '0000-00-00 00:00:00', '0000-00-00 00:00:00'),
(376, 'TANDOORI ROTI (PLAIN)', 19, '15', '', '', '', '0000-00-00 00:00:00', '0000-00-00 00:00:00'),
(377, 'TANDOORI ROTI (BUTTER)', 19, '20', '', '', '', '0000-00-00 00:00:00', '0000-00-00 00:00:00'),
(378, 'LACHCHAA PARANTHA', 19, '40', '', '', '', '0000-00-00 00:00:00', '0000-00-00 00:00:00'),
(379, 'BABY NUN', 19, '30', '', '', '', '0000-00-00 00:00:00', '0000-00-00 00:00:00'),
(380, 'PLAIN NUN', 19, '35', '', '', '', '0000-00-00 00:00:00', '0000-00-00 00:00:00'),
(381, 'BUTTER NAAN', 19, '45', '', '', '', '0000-00-00 00:00:00', '0000-00-00 00:00:00'),
(382, 'CHEESE NAAN', 19, '60', '', '', '', '0000-00-00 00:00:00', '0000-00-00 00:00:00'),
(383, 'GARLIC NAAN', 19, '50', '', '', '', '0000-00-00 00:00:00', '0000-00-00 00:00:00'),
(384, 'KABULI NAAN', 19, '65', '', '', '', '0000-00-00 00:00:00', '0000-00-00 00:00:00'),
(385, 'KASHMIRI NAAN', 19, '60', '', '', '', '0000-00-00 00:00:00', '0000-00-00 00:00:00'),
(386, 'PLAIN KULCHA', 19, '40', '', '', '', '0000-00-00 00:00:00', '0000-00-00 00:00:00'),
(387, 'MASALA KULCHA', 19, '50', '', '', '', '0000-00-00 00:00:00', '0000-00-00 00:00:00'),
(388, 'PANEER KULCHA', 19, '60', '', '', '', '0000-00-00 00:00:00', '0000-00-00 00:00:00'),
(392, 'NATURAL SALAD', 20, '100', '', '', '', '0000-00-00 00:00:00', '0000-00-00 00:00:00'),
(393, 'CHICKEN IN YOGHURT DRESSING', 20, '130', '', '', '', '0000-00-00 00:00:00', '0000-00-00 00:00:00'),
(394, 'COLD CHICKEN SALAD', 20, '135', '', '', '', '0000-00-00 00:00:00', '0000-00-00 00:00:00'),
(395, 'HAWAIIAN DELIGHT', 20, '140', '', '', '', '0000-00-00 00:00:00', '0000-00-00 00:00:00'),
(396, 'FISH IN LEMON BUTTER', 20, '135', '', '', '', '0000-00-00 00:00:00', '0000-00-00 00:00:00'),
(397, 'CHEESE BALL', 20, '200', '', '', '', '0000-00-00 00:00:00', '0000-00-00 00:00:00'),
(398, 'VEGETABLE BULLET', 20, '190', '', '', '', '0000-00-00 00:00:00', '0000-00-00 00:00:00'),
(399, 'CORN FRITTERS CHICKEN', 20, '200', '', '', '', '0000-00-00 00:00:00', '0000-00-00 00:00:00'),
(400, 'ROAST CHICKEN', 20, '200', '', '', '', '0000-00-00 00:00:00', '0000-00-00 00:00:00'),
(401, 'FRIED CHICKEN', 20, '190', '', '', '', '0000-00-00 00:00:00', '0000-00-00 00:00:00'),
(402, 'RAVA BHETKI WITH TARTAR SAUCE', 20, '275', '', '', '', '0000-00-00 00:00:00', '0000-00-00 00:00:00'),
(403, 'ORIENTAL VEG', 20, '180', '', '', '', '0000-00-00 00:00:00', '0000-00-00 00:00:00'),
(404, 'PENNE ARABIATTA', 20, '160', '', '', '', '0000-00-00 00:00:00', '0000-00-00 00:00:00'),
(406, 'SPAGHETTI IN BLACK BEAN SAUCE', 20, '', '220', '240', '', '0000-00-00 00:00:00', '0000-00-00 00:00:00'),
(407, 'PENNE IN TOMATO BASIL', 20, '', '135', '155', '', '0000-00-00 00:00:00', '0000-00-00 00:00:00'),
(408, 'SAUTED PASTA WITH VEGETABLES', 20, '', '145', '165', '', '0000-00-00 00:00:00', '0000-00-00 00:00:00'),
(409, 'MACRONI IN CREAM SAUCE', 20, '', '130', '150', '', '0000-00-00 00:00:00', '0000-00-00 00:00:00'),
(414, 'CLEAR SOUP', 22, '', '60', '70', '', '0000-00-00 00:00:00', '0000-00-00 00:00:00'),
(415, 'LEMON CORRIANDER SOUP', 22, '', '60', '70', '', '0000-00-00 00:00:00', '0000-00-00 00:00:00'),
(416, 'TOM YUM SOUP', 22, '', '60', '70', '', '0000-00-00 00:00:00', '0000-00-00 00:00:00'),
(417, 'SWEET CORN SOUP', 22, '', '60', '70', '', '0000-00-00 00:00:00', '0000-00-00 00:00:00'),
(418, 'HOT & SOUR SOUP', 22, '', '60', '70', '', '0000-00-00 00:00:00', '0000-00-00 00:00:00'),
(419, 'MANCHOW SOUP', 22, '', '60', '70', '', '0000-00-00 00:00:00', '0000-00-00 00:00:00'),
(423, 'HAKKA NOODLES', 23, '', '95', '110', '125', '0000-00-00 00:00:00', '0000-00-00 00:00:00'),
(424, 'SHANGHAI NOODLES', 23, '', '90', '105', '115', '0000-00-00 00:00:00', '0000-00-00 00:00:00'),
(425, 'SCHEZWAN NOODLES', 23, '', '90', '105', '115', '0000-00-00 00:00:00', '0000-00-00 00:00:00'),
(426, 'CHILLI GARLIC NOODLES', 23, '', '90', '115', '115', '0000-00-00 00:00:00', '0000-00-00 00:00:00'),
(427, 'NOODLES (GRAVY)', 23, '', '100', '115', '130', '0000-00-00 00:00:00', '0000-00-00 00:00:00'),
(428, 'FRIED RICE', 23, '', '100', '120', '135', '0000-00-00 00:00:00', '0000-00-00 00:00:00'),
(429, 'CHILLI GARLIC RICE', 23, '', '95', '125', '130', '0000-00-00 00:00:00', '0000-00-00 00:00:00'),
(430, 'SHANGHAI RICE', 23, '', '95', '115', '120', '0000-00-00 00:00:00', '0000-00-00 00:00:00'),
(431, 'SCHEZWAN RICE', 23, '', '95', '125', '130', '0000-00-00 00:00:00', '0000-00-00 00:00:00'),
(432, 'REDA''S SIGNATURE MALACCA FRIED RICE', 23, '', '120', '145', '155', '0000-00-00 00:00:00', '0000-00-00 00:00:00'),
(437, 'CHILLI PANEER', 25, '145', '', '', '', '0000-00-00 00:00:00', '0000-00-00 00:00:00'),
(438, 'SWEET & SOUR PANEER', 25, '145', '', '', '', '0000-00-00 00:00:00', '0000-00-00 00:00:00'),
(439, 'PANEER MANCHURIAN', 25, '135', '', '', '', '0000-00-00 00:00:00', '0000-00-00 00:00:00'),
(440, 'VEG MANCHURIAN', 25, '110', '', '', '', '0000-00-00 00:00:00', '0000-00-00 00:00:00'),
(441, 'SHANGHAI VEGETABLE', 25, '110', '', '', '', '0000-00-00 00:00:00', '0000-00-00 00:00:00'),
(442, 'SCHEZWAN VEGETABLE', 25, '115', '', '', '', '0000-00-00 00:00:00', '0000-00-00 00:00:00'),
(443, 'REDA''S SIGNATURE VEG', 25, '135', '', '', '', '0000-00-00 00:00:00', '0000-00-00 00:00:00'),
(448, 'SCHEZWAN FISH', 27, '175', '', '', '', '0000-00-00 00:00:00', '0000-00-00 00:00:00'),
(449, 'SWEET & SOUR FISH ', 27, '175', '', '', '', '0000-00-00 00:00:00', '0000-00-00 00:00:00'),
(450, 'GARLIC FISH', 27, '175', '', '', '', '0000-00-00 00:00:00', '0000-00-00 00:00:00'),
(451, 'SWEET & SOUR GARLIC PRAWN', 27, '185', '', '', '', '0000-00-00 00:00:00', '0000-00-00 00:00:00'),
(452, 'SCHEZWAN PRAWN', 27, '185', '', '', '', '0000-00-00 00:00:00', '0000-00-00 00:00:00'),
(453, 'PRAWN BUTTER GARLIC', 27, '185', '', '', '', '0000-00-00 00:00:00', '0000-00-00 00:00:00'),
(456, 'SWEET & SOUR CHICKEN', 28, '180', '', '', '', '0000-00-00 00:00:00', '0000-00-00 00:00:00'),
(457, 'SHANGHAI CHICKEN', 28, '190', '', '', '', '0000-00-00 00:00:00', '0000-00-00 00:00:00'),
(458, 'HONGKONG CHICKEN', 28, '180', '', '', '', '0000-00-00 00:00:00', '0000-00-00 00:00:00'),
(459, 'HUNAN CHICKEN', 28, '180', '', '', '', '0000-00-00 00:00:00', '0000-00-00 00:00:00'),
(460, 'KUNG PAO CHICKEN ', 28, '195', '', '', '', '0000-00-00 00:00:00', '0000-00-00 00:00:00'),
(461, 'CHICKEN IN HOT GARLIC', 28, '180', '', '', '', '0000-00-00 00:00:00', '0000-00-00 00:00:00'),
(462, 'CHICKEN MANCHURIAN', 28, '170', '', '', '', '0000-00-00 00:00:00', '0000-00-00 00:00:00'),
(466, 'KESHARI FIRNI', 29, '45', '', '', '', '0000-00-00 00:00:00', '0000-00-00 00:00:00');

-- --------------------------------------------------------

--
-- Table structure for table `users`
--

CREATE TABLE `users` (
  `id` int(10) UNSIGNED NOT NULL,
  `role_id` int(11) DEFAULT NULL,
  `name` varchar(255) COLLATE utf8_unicode_ci NOT NULL,
  `email` varchar(255) COLLATE utf8_unicode_ci NOT NULL,
  `password` varchar(255) COLLATE utf8_unicode_ci NOT NULL,
  `remember_token` varchar(100) COLLATE utf8_unicode_ci DEFAULT NULL,
  `created_at` timestamp NULL DEFAULT NULL,
  `updated_at` timestamp NULL DEFAULT NULL
) ENGINE=InnoDB DEFAULT CHARSET=utf8 COLLATE=utf8_unicode_ci;

--
-- Dumping data for table `users`
--

INSERT INTO `users` (`id`, `role_id`, `name`, `email`, `password`, `remember_token`, `created_at`, `updated_at`) VALUES
(1, 1, 'admin', 'sayan652@gmail.com', '$2y$10$GMgXjHO6m6eYJC10jxXHfOiMz1VQXb7u37ebxIbI2eqDNCoy2x9o2', 'gf6A1aYztwHWdSpbbPTl5tm5nTQHiDmslH1690QzGDqC1f86Xws7IuPcrKF7', '2016-08-07 09:47:04', '2016-08-07 09:49:52');

-- --------------------------------------------------------

--
-- Table structure for table `users_logs`
--

CREATE TABLE `users_logs` (
  `id` int(10) UNSIGNED NOT NULL,
  `user_id` int(11) NOT NULL,
  `action` varchar(255) COLLATE utf8_unicode_ci NOT NULL,
  `action_model` varchar(255) COLLATE utf8_unicode_ci DEFAULT NULL,
  `action_id` int(11) DEFAULT NULL,
  `created_at` timestamp NULL DEFAULT NULL,
  `updated_at` timestamp NULL DEFAULT NULL
) ENGINE=InnoDB DEFAULT CHARSET=utf8 COLLATE=utf8_unicode_ci;

--
-- Dumping data for table `users_logs`
--

INSERT INTO `users_logs` (`id`, `user_id`, `action`, `action_model`, `action_id`, `created_at`, `updated_at`) VALUES
(1, 1, 'updated', 'users', 1, '2016-08-07 09:49:52', '2016-08-07 09:49:52');

--
-- Indexes for dumped tables
--

--
-- Indexes for table `bengali_test`
--
ALTER TABLE `bengali_test`
  ADD PRIMARY KEY (`id_product`);

--
-- Indexes for table `booking`
--
ALTER TABLE `booking`
  ADD PRIMARY KEY (`id`);

--
-- Indexes for table `category`
--
ALTER TABLE `category`
  ADD PRIMARY KEY (`cat_id`);

--
-- Indexes for table `category_ben`
--
ALTER TABLE `category_ben`
  ADD PRIMARY KEY (`cat_id`);

--
-- Indexes for table `category_ser`
--
ALTER TABLE `category_ser`
  ADD PRIMARY KEY (`cat_id`);

--
-- Indexes for table `hindmotor_test`
--
ALTER TABLE `hindmotor_test`
  ADD PRIMARY KEY (`id_product`);

--
-- Indexes for table `menus`
--
ALTER TABLE `menus`
  ADD PRIMARY KEY (`id`),
  ADD UNIQUE KEY `menus_name_unique` (`name`);

--
-- Indexes for table `menu_role`
--
ALTER TABLE `menu_role`
  ADD UNIQUE KEY `menu_role_menu_id_role_id_unique` (`menu_id`,`role_id`),
  ADD KEY `menu_role_menu_id_index` (`menu_id`),
  ADD KEY `menu_role_role_id_index` (`role_id`);

--
-- Indexes for table `orders`
--
ALTER TABLE `orders`
  ADD PRIMARY KEY (`id`);

--
-- Indexes for table `order_detail`
--
ALTER TABLE `order_detail`
  ADD PRIMARY KEY (`id`);

--
-- Indexes for table `pages`
--
ALTER TABLE `pages`
  ADD PRIMARY KEY (`id`);

--
-- Indexes for table `password_resets`
--
ALTER TABLE `password_resets`
  ADD KEY `password_resets_email_index` (`email`),
  ADD KEY `password_resets_token_index` (`token`);

--
-- Indexes for table `roles`
--
ALTER TABLE `roles`
  ADD PRIMARY KEY (`id`);

--
-- Indexes for table `rooms`
--
ALTER TABLE `rooms`
  ADD PRIMARY KEY (`id`);

--
-- Indexes for table `serampore_test`
--
ALTER TABLE `serampore_test`
  ADD PRIMARY KEY (`id_product`);

--
-- Indexes for table `users`
--
ALTER TABLE `users`
  ADD PRIMARY KEY (`id`),
  ADD UNIQUE KEY `users_email_unique` (`email`);

--
-- Indexes for table `users_logs`
--
ALTER TABLE `users_logs`
  ADD PRIMARY KEY (`id`);

--
-- AUTO_INCREMENT for dumped tables
--

--
-- AUTO_INCREMENT for table `bengali_test`
--
ALTER TABLE `bengali_test`
  MODIFY `id_product` int(11) NOT NULL AUTO_INCREMENT, AUTO_INCREMENT=927;
--
-- AUTO_INCREMENT for table `booking`
--
ALTER TABLE `booking`
  MODIFY `id` int(11) NOT NULL AUTO_INCREMENT, AUTO_INCREMENT=51;
--
-- AUTO_INCREMENT for table `category`
--
ALTER TABLE `category`
  MODIFY `cat_id` int(11) NOT NULL AUTO_INCREMENT, AUTO_INCREMENT=57;
--
-- AUTO_INCREMENT for table `category_ben`
--
ALTER TABLE `category_ben`
  MODIFY `cat_id` int(11) NOT NULL AUTO_INCREMENT, AUTO_INCREMENT=19;
--
-- AUTO_INCREMENT for table `category_ser`
--
ALTER TABLE `category_ser`
  MODIFY `cat_id` int(11) NOT NULL AUTO_INCREMENT, AUTO_INCREMENT=30;
--
-- AUTO_INCREMENT for table `hindmotor_test`
--
ALTER TABLE `hindmotor_test`
  MODIFY `id_product` int(11) NOT NULL AUTO_INCREMENT, AUTO_INCREMENT=203;
--
-- AUTO_INCREMENT for table `menus`
--
ALTER TABLE `menus`
  MODIFY `id` int(10) UNSIGNED NOT NULL AUTO_INCREMENT, AUTO_INCREMENT=3;
--
-- AUTO_INCREMENT for table `orders`
--
ALTER TABLE `orders`
  MODIFY `id` int(11) NOT NULL AUTO_INCREMENT, AUTO_INCREMENT=174;
--
-- AUTO_INCREMENT for table `order_detail`
--
ALTER TABLE `order_detail`
  MODIFY `id` int(11) NOT NULL AUTO_INCREMENT, AUTO_INCREMENT=143;
--
-- AUTO_INCREMENT for table `pages`
--
ALTER TABLE `pages`
  MODIFY `id` int(11) NOT NULL AUTO_INCREMENT, AUTO_INCREMENT=11;
--
-- AUTO_INCREMENT for table `roles`
--
ALTER TABLE `roles`
  MODIFY `id` int(10) UNSIGNED NOT NULL AUTO_INCREMENT, AUTO_INCREMENT=3;
--
-- AUTO_INCREMENT for table `rooms`
--
ALTER TABLE `rooms`
  MODIFY `id` int(11) NOT NULL AUTO_INCREMENT, AUTO_INCREMENT=9;
--
-- AUTO_INCREMENT for table `serampore_test`
--
ALTER TABLE `serampore_test`
  MODIFY `id_product` int(11) NOT NULL AUTO_INCREMENT, AUTO_INCREMENT=467;
--
-- AUTO_INCREMENT for table `users`
--
ALTER TABLE `users`
  MODIFY `id` int(10) UNSIGNED NOT NULL AUTO_INCREMENT, AUTO_INCREMENT=2;
--
-- AUTO_INCREMENT for table `users_logs`
--
ALTER TABLE `users_logs`
  MODIFY `id` int(10) UNSIGNED NOT NULL AUTO_INCREMENT, AUTO_INCREMENT=2;
--
-- Constraints for dumped tables
--

--
-- Constraints for table `menu_role`
--
ALTER TABLE `menu_role`
  ADD CONSTRAINT `menu_role_menu_id_foreign` FOREIGN KEY (`menu_id`) REFERENCES `menus` (`id`) ON DELETE CASCADE,
  ADD CONSTRAINT `menu_role_role_id_foreign` FOREIGN KEY (`role_id`) REFERENCES `roles` (`id`) ON DELETE CASCADE;

/*!40101 SET CHARACTER_SET_CLIENT=@OLD_CHARACTER_SET_CLIENT */;
/*!40101 SET CHARACTER_SET_RESULTS=@OLD_CHARACTER_SET_RESULTS */;
/*!40101 SET COLLATION_CONNECTION=@OLD_COLLATION_CONNECTION */;
